Date,Team,Venue,Opponent,shooting_Time,shooting_Round,shooting_Day,shooting_Result,shooting_GF,shooting_GA,shooting_Sh,shooting_SoT,shooting_SoT%,shooting_G/Sh,shooting_G/SoT,shooting_FK,shooting_PK,shooting_xG,shooting_npxG,shooting_npxG/Sh,shooting_G-xG,shooting_np:G-xG,keeper_SoTA,keeper_Saves,keeper_Save%,keeper_CS,keeper_PSxG+/-,keeper_Stp%,passing_Cmp,passing_Att,passing_Cmp%,passing_TotDist,passing_PrgDist,passing_Ast,passing_xAG,passing_xA,passing_KP,passing_1/3,passing_PPA,passing_CrsPA,passing_PrgP,gca_SCA,gca_PassLive,gca_PassDead,gca_TO,gca_Sh,gca_Fld,gca_Def,gca_GCA,defense_Tkl,defense_TklW,defense_Blocks,defense_Sh,defense_Pass,defense_Int,defense_Clr,defense_Err,possession_Poss,possession_Touches,possession_Att 3rd,possession_Att Pen,possession_Att,possession_Succ,possession_Succ%,possession_Carries,possession_TotDist,possession_PrgDist,possession_PrgC,possession_1/3,possession_Dis
2024-08-17,Liverpool,Away,Ipswich Town,12:30,Matchweek 1,Sat,W,2,0,18,5,27.8,0.11,0.40,0,0,2.6,2.6,0.15,-0.6,-0.6,2,2,100.0,1,+0.2,0.0,46,82,56.1,8751,3005,1,2.0,2.4,12,35,10,1,39,29,4,0,0,0,0,0,4,5,4,14,2,12,5,17,1,62,720,200,46,23,11,47.8,407,1886,974,25,13,9
2024-08-25,Liverpool,Home,Brentford,16:30,Matchweek 2,Sun,W,2,0,19,8,42.1,0.11,0.25,1,0,2.5,2.5,0.14,-0.5,-0.5,2,2,100.0,1,+0.8,0.0,39,71,54.9,9545,3284,2,2.5,1.6,17,49,18,2,59,35,3,0,0,0,0,0,3,13,10,14,3,11,7,12,0,62,741,222,40,16,8,50.0,514,2388,1188,25,18,5
2024-09-01,Liverpool,Away,Manchester Utd,16:00,Matchweek 3,Sun,W,3,0,11,3,27.3,0.27,1.00,0,0,1.8,1.8,0.16,+1.2,+1.2,3,3,100.0,1,+0.6,7.1,22,46,47.8,6917,2308,3,1.4,1.1,9,21,8,3,30,21,6,0,0,0,0,0,6,13,17,13,0,13,10,28,0,47,615,139,26,20,5,25.0,282,1688,934,20,16,18
2024-09-14,Liverpool,Home,Nott'ham Forest,15:00,Matchweek 4,Sat,L,0,1,14,5,35.7,0.00,0.00,0,0,0.9,0.9,0.07,-0.9,-0.9,3,2,66.7,0,-0.3,0.0,39,68,57.4,8838,3200,0,0.9,1.4,13,51,9,3,63,27,0,0,0,0,0,0,0,5,8,5,0,5,11,16,0,68,760,199,31,20,6,30.0,465,2433,1306,27,16,9
2024-09-21,Liverpool,Home,Bournemouth,15:00,Matchweek 5,Sat,W,3,0,19,12,63.2,0.16,0.25,0,0,2.0,2.0,0.11,+1.0,+1.0,6,6,100.0,1,+1.5,5.9,30,54,55.6,8589,3369,3,1.9,1.0,18,40,12,1,39,38,6,0,0,0,0,0,6,12,14,10,4,6,6,24,1,58,737,151,28,21,16,76.2,526,2435,1191,30,16,15
2024-09-28,Liverpool,Away,Wolves,17:30,Matchweek 6,Sat,W,2,1,9,5,55.6,0.11,0.20,1,1,2.5,1.7,0.19,-0.5,-0.7,3,2,66.7,0,+0.1,7.7,30,61,49.2,8170,2729,1,1.1,1.2,7,30,10,3,42,16,3,0,0,0,1,0,4,4,9,11,2,9,7,12,1,55,655,162,35,12,4,33.3,317,1753,887,20,16,7
2024-10-05,Liverpool,Away,Crystal Palace,12:30,Matchweek 7,Sat,W,1,0,16,4,25.0,0.06,0.25,0,0,1.4,1.4,0.09,-0.4,-0.4,5,5,100.0,1,0.0,0.0,50,85,58.8,10190,3431,1,1.4,1.5,16,46,8,0,54,31,2,0,0,0,0,0,2,7,6,4,0,4,13,15,0,68,778,199,26,9,8,88.9,448,2420,1222,20,12,8
2024-10-20,Liverpool,Home,Chelsea,16:30,Matchweek 8,Sun,W,2,1,8,4,50.0,0.13,0.25,1,1,1.9,1.1,0.14,+0.1,-0.1,2,1,50.0,0,-0.1,0.0,27,72,37.5,5920,2024,1,1.0,0.3,6,22,3,1,29,17,2,0,0,1,1,0,4,17,18,11,4,7,6,18,0,43,525,83,15,10,5,50.0,284,1218,555,10,6,8
2024-10-27,Liverpool,Away,Arsenal,16:30,Matchweek 9,Sun,D,2,2,9,4,44.4,0.22,0.50,0,0,0.8,0.8,0.09,+1.2,+1.2,3,1,33.3,0,-0.3,0.0,29,73,39.7,7165,2295,2,0.7,1.1,6,31,7,1,28,15,3,1,0,0,0,0,4,6,9,9,2,7,5,22,0,55,605,158,23,18,9,50.0,339,1313,637,9,7,13
2024-11-02,Liverpool,Home,Brighton,15:00,Matchweek 10,Sat,W,2,1,16,8,50.0,0.13,0.25,0,0,1.6,1.6,0.10,+0.4,+0.4,5,4,80.0,0,-0.5,0.0,33,66,50.0,6831,2530,2,1.3,1.0,12,30,11,2,37,30,4,0,0,0,0,0,4,17,19,12,4,8,10,15,0,49,602,116,28,16,8,50.0,315,1627,826,17,7,10
2024-11-09,Liverpool,Home,Aston Villa,20:00,Matchweek 11,Sat,W,2,0,14,5,35.7,0.14,0.40,0,0,2.0,2.0,0.14,0.0,0.0,2,2,100.0,1,+0.6,11.8,39,61,63.9,9391,3109,1,1.3,1.0,12,38,10,1,43,23,1,0,0,0,0,0,1,3,9,11,2,9,7,19,1,62,747,152,29,15,9,60.0,423,2213,1099,21,18,10
2024-08-18,Manchester-City,Away,Chelsea,16:30,Matchweek 1,Sun,W,2,0,11,5,45.5,0.18,0.40,0,0,0.8,0.8,0.07,+1.2,+1.2,3,3,100.0,1,+0.7,8.3,27,46,58.7,8217,2491,1,0.6,0.9,8,29,6,0,32,19,1,0,2,0,0,0,3,7,9,6,4,2,10,18,0,52,664,178,24,30,15,50.0,385,2736,1620,41,31,12
2024-08-24,Manchester-City,Home,Ipswich Town,15:00,Matchweek 2,Sat,W,4,1,13,4,30.8,0.23,0.75,1,1,3.3,2.6,0.20,+0.7,+0.4,1,0,0.0,0,-0.7,0.0,42,49,85.7,11491,2774,2,2.3,1.9,11,61,18,4,60,28,5,0,1,0,1,1,8,6,6,8,0,8,6,9,0,75,884,401,47,20,11,55.0,501,2654,1510,27,27,10
2024-08-31,Manchester-City,Away,West Ham,17:30,Matchweek 3,Sat,W,3,1,23,8,34.8,0.13,0.38,1,0,3.0,3.0,0.13,0.0,0.0,2,2,50.0,0,+0.2,0.0,58,70,82.9,11460,3117,3,2.7,2.7,20,67,19,1,77,42,4,0,1,0,0,0,5,5,12,14,3,11,7,19,1,67,857,303,57,19,12,63.2,461,2857,1695,39,20,8
2024-09-14,Manchester-City,Home,Brentford,15:00,Matchweek 4,Sat,W,2,1,18,7,38.9,0.11,0.29,0,0,2.1,2.1,0.12,-0.1,-0.1,5,4,80.0,0,+1.1,0.0,38,53,71.7,8423,2436,1,2.0,1.5,16,35,19,0,55,32,2,0,0,0,0,0,2,6,5,8,1,7,5,13,3,54,671,329,51,14,3,21.4,341,2101,1111,25,22,12
2024-09-22,Manchester-City,Home,Arsenal,16:30,Matchweek 5,Sun,D,2,2,33,11,33.3,0.06,0.18,1,0,2.1,2.1,0.07,-0.1,-0.1,3,1,33.3,0,-0.5,0.0,32,51,62.7,9984,2410,1,1.7,2.9,27,44,16,6,54,64,1,0,1,1,0,0,3,4,5,2,0,2,3,9,1,77,847,504,53,21,10,47.6,601,3387,2010,59,38,7
2024-09-28,Manchester-City,Away,Newcastle Utd,12:30,Matchweek 6,Sat,D,1,1,16,6,37.5,0.06,0.17,0,0,0.9,0.9,0.06,+0.1,+0.1,4,3,100.0,0,+0.1,0.0,28,60,46.7,7944,2334,1,0.8,1.4,13,31,12,0,40,31,1,0,1,0,0,0,2,2,11,8,3,5,7,21,0,62,705,240,38,24,13,54.2,493,2605,1395,31,22,8
2024-10-05,Manchester-City,Home,Fulham,15:00,Matchweek 7,Sat,W,3,2,20,7,35.0,0.15,0.43,1,0,1.6,1.6,0.08,+1.4,+1.4,4,2,50.0,0,+0.5,0.0,27,35,77.1,9069,2539,2,1.3,1.3,14,42,10,2,58,32,4,0,0,0,0,1,5,6,7,11,4,7,4,20,1,58,770,278,39,28,11,39.3,506,2724,1480,31,16,10
2024-10-20,Manchester-City,Away,Wolves,14:00,Matchweek 8,Sun,W,2,1,22,7,31.8,0.09,0.29,2,0,1.6,1.6,0.07,+0.4,+0.4,2,1,50.0,0,+0.3,0.0,25,42,59.5,10077,2543,2,1.5,2.5,19,57,26,1,100,42,2,1,0,1,0,0,4,4,10,6,0,6,3,5,0,77,890,546,80,30,10,33.3,601,3597,2182,65,42,14
2024-10-26,Manchester-City,Home,Southampton,15:00,Matchweek 9,Sat,W,1,0,22,7,31.8,0.05,0.14,0,0,2.9,2.9,0.13,-1.9,-1.9,2,2,100.0,1,+0.1,0.0,28,47,59.6,9155,2147,1,2.8,2.7,19,48,22,3,65,40,2,0,0,0,0,0,2,9,7,6,1,5,10,14,0,57,735,418,52,12,9,75.0,526,2460,1383,38,20,12
2024-11-02,Manchester-City,Away,Bournemouth,15:00,Matchweek 10,Sat,L,1,2,18,4,22.2,0.06,0.25,0,0,1.6,1.6,0.09,-0.6,-0.6,6,4,66.7,0,+0.4,8.3,43,70,61.4,9282,2753,1,1.0,1.9,13,38,13,4,47,34,2,0,0,0,0,0,2,5,7,9,2,7,5,9,1,64,748,276,44,17,6,35.3,510,2751,1497,31,14,10
2024-11-09,Manchester-City,Away,Brighton,17:30,Matchweek 11,Sat,L,1,2,15,6,40.0,0.07,0.17,0,0,2.1,2.1,0.18,-1.1,-1.1,4,2,50.0,0,-0.4,33.3,33,51,64.7,10469,3218,0,1.9,0.7,13,45,8,2,52,27,0,0,0,1,0,0,1,5,5,7,2,5,4,8,0,60,773,150,26,25,15,60.0,467,2589,1237,24,15,12
2024-08-18,Chelsea,Home,Manchester City,16:30,Matchweek 1,Sun,L,0,2,10,3,30.0,0.00,0.00,0,0,1.0,1.0,0.10,-1.0,-1.0,5,3,60.0,0,-1.2,16.7,29,53,54.7,7768,2625,0,1.0,0.9,9,34,11,5,26,20,0,0,0,0,0,0,0,8,14,10,3,7,10,13,1,48,629,175,24,11,4,36.4,370,1673,827,16,6,9
2024-08-25,Chelsea,Away,Wolves,14:00,Matchweek 2,Sun,W,6,2,14,8,57.1,0.43,0.75,1,0,1.6,1.6,0.12,+4.4,+4.4,4,2,50.0,0,-1.2,25.0,37,63,58.7,7681,2530,5,1.5,0.6,12,26,7,0,32,27,8,1,1,1,0,0,11,8,11,11,2,9,9,20,2,60,623,144,20,19,9,47.4,406,2221,1197,26,17,10
2024-09-01,Chelsea,Home,Crystal Palace,13:30,Matchweek 3,Sun,D,1,1,13,7,53.8,0.08,0.14,1,0,2.4,2.4,0.18,-1.4,-1.4,3,2,66.7,0,+0.1,16.7,47,64,73.4,10207,3075,1,2.0,1.1,10,58,7,0,50,25,2,0,0,0,0,0,2,7,7,13,5,8,8,18,0,62,749,176,19,27,11,40.7,378,2159,1202,23,7,6
2024-09-14,Chelsea,Away,Bournemouth,20:00,Matchweek 4,Sat,W,1,0,10,3,30.0,0.10,0.33,0,0,0.8,0.8,0.08,+0.2,+0.2,7,6,100.0,1,+2.5,14.3,32,61,52.5,8617,2851,1,0.5,0.6,8,32,8,1,40,18,1,0,1,0,0,0,2,6,7,8,4,4,6,17,0,66,725,135,17,22,12,54.5,401,2483,1136,17,14,8
2024-09-21,Chelsea,Away,West Ham,12:30,Matchweek 5,Sat,W,3,0,12,5,41.7,0.25,0.60,0,0,2.2,2.2,0.18,+0.8,+0.8,7,7,100.0,1,+0.8,14.3,33,58,56.9,7176,2725,3,2.2,1.3,12,24,4,1,22,22,6,0,0,0,0,0,6,11,9,9,5,4,8,35,1,47,598,105,31,19,6,31.6,376,1893,1077,24,8,11
2024-09-28,Chelsea,Home,Brighton,15:00,Matchweek 6,Sat,W,4,2,14,5,35.7,0.21,0.60,1,1,4.2,3.4,0.24,-0.2,-0.4,5,3,60.0,0,-0.6,0.0,25,58,43.1,5492,2165,2,3.3,1.7,12,16,7,0,20,24,4,0,0,0,2,0,6,14,13,15,5,10,7,20,2,41,536,83,24,27,15,55.6,260,1326,694,14,2,4
2024-10-06,Chelsea,Home,Nott'ham Forest,14:00,Matchweek 7,Sun,D,1,1,22,8,36.4,0.05,0.13,0,0,2.3,2.3,0.11,-1.3,-1.3,9,8,88.9,0,+0.6,11.1,34,62,54.8,9300,3012,1,2.3,1.7,17,55,18,4,69,41,2,0,0,0,0,0,2,7,10,14,6,8,8,18,1,65,741,271,46,16,11,68.8,351,2271,1440,39,16,8
2024-10-20,Chelsea,Away,Liverpool,16:30,Matchweek 8,Sun,L,1,2,12,2,16.7,0.08,0.50,1,0,1.0,1.0,0.08,0.0,0.0,5,3,80.0,0,0.0,0.0,45,71,63.4,8701,2866,1,0.7,0.9,8,39,10,3,43,19,2,0,0,0,0,0,2,4,10,7,0,7,8,12,0,57,673,163,24,29,10,34.5,402,2161,1097,24,24,8
2024-10-27,Chelsea,Home,Newcastle Utd,14:00,Matchweek 9,Sun,W,2,1,17,7,41.2,0.12,0.29,0,0,1.6,1.6,0.09,+0.4,+0.4,2,1,50.0,0,+0.2,11.1,35,76,46.1,7079,2102,2,1.5,0.9,14,42,5,3,33,29,2,0,1,0,0,1,4,4,8,15,4,11,16,25,0,50,618,165,30,17,7,41.2,399,1918,959,22,8,6
2024-11-03,Chelsea,Away,Manchester Utd,16:30,Matchweek 10,Sun,D,1,1,12,3,25.0,0.08,0.33,0,0,1.1,1.1,0.09,-0.1,-0.1,4,3,100.0,0,-0.1,9.1,24,52,46.2,6922,2249,0,0.9,1.0,8,22,8,0,38,21,1,0,1,0,0,0,2,11,11,12,3,9,7,17,1,54,616,131,28,29,15,51.7,340,1724,867,16,13,13
2024-11-10,Chelsea,Home,Arsenal,16:30,Matchweek 11,Sun,D,1,1,17,3,17.6,0.06,0.33,3,0,1.5,1.5,0.09,-0.5,-0.5,3,2,66.7,0,-0.2,6.3,36,63,57.1,6585,2059,1,1.3,1.3,13,30,8,3,27,32,2,0,0,0,0,0,2,3,16,13,6,7,7,18,2,49,543,117,21,15,7,46.7,334,1945,1095,23,14,8
2024-08-17,Arsenal,Home,Wolves,15:00,Matchweek 1,Sat,W,2,0,18,6,33.3,0.11,0.33,0,0,1.2,1.2,0.07,+0.8,+0.8,3,3,100.0,1,+0.2,9.1,28,51,54.9,6872,2400,2,1.2,0.9,17,24,17,2,53,35,3,1,0,0,0,0,4,8,13,6,1,5,8,16,2,53,569,156,42,22,9,40.9,340,1745,749,18,8,9
2024-08-24,Arsenal,Away,Aston Villa,17:30,Matchweek 2,Sat,W,2,0,9,4,44.4,0.22,0.50,0,0,0.9,0.9,0.10,+1.1,+1.1,3,3,100.0,1,+1.0,0.0,23,38,60.5,7944,2177,1,0.7,1.4,7,35,11,0,49,18,4,0,0,0,0,0,4,7,9,10,4,6,8,16,1,60,635,171,32,17,6,35.3,401,2099,1174,20,13,13
2024-08-31,Arsenal,Home,Brighton,12:30,Matchweek 3,Sat,D,1,1,11,7,63.6,0.09,0.14,0,0,2.1,2.1,0.20,-1.1,-1.1,4,3,75.0,0,-0.4,27.8,27,60,45.0,4044,1556,1,1.8,0.5,8,12,6,2,19,20,2,0,0,0,0,0,2,12,11,16,8,8,12,20,1,36,408,90,28,16,8,50.0,233,1135,562,13,6,11
2024-09-15,Arsenal,Away,Tottenham,14:00,Matchweek 4,Sun,W,1,0,7,4,57.1,0.14,0.25,0,0,0.7,0.7,0.11,+0.3,+0.3,5,5,100.0,1,+0.3,8.0,27,55,49.1,4331,1823,1,0.7,0.6,6,16,6,2,17,12,0,1,0,1,0,0,2,13,12,16,5,11,9,32,1,37,439,99,20,22,12,54.5,160,958,500,12,4,12
2024-09-22,Arsenal,Away,Manchester City,16:30,Matchweek 5,Sun,D,2,2,5,3,60.0,0.40,0.67,0,0,0.7,0.7,0.13,+1.3,+1.3,11,9,81.8,0,+0.2,16.7,17,47,36.2,2884,1326,2,0.6,0.5,4,9,1,1,11,7,2,2,0,0,0,0,4,9,10,21,13,8,4,41,1,23,332,40,8,11,4,36.4,146,801,473,11,1,6
2024-09-28,Arsenal,Home,Leicester City,15:00,Matchweek 6,Sat,W,4,2,35,16,45.7,0.09,0.19,0,0,4.4,4.4,0.14,-1.4,-1.4,3,1,33.3,0,-1.8,0.0,35,62,56.5,10367,2747,2,2.3,2.5,25,45,23,3,91,58,4,0,0,1,0,0,5,11,12,6,1,5,4,8,0,74,837,432,70,33,18,54.5,485,2565,1420,39,22,14
2024-10-05,Arsenal,Home,Southampton,15:00,Matchweek 7,Sat,W,3,1,29,6,20.7,0.10,0.50,0,0,2.8,2.8,0.10,+0.2,+0.2,2,1,50.0,0,-0.4,0.0,32,59,54.2,8651,2466,2,2.3,1.8,22,47,15,2,54,52,3,0,0,0,0,0,3,7,12,8,4,4,9,10,0,59,677,295,57,20,14,70.0,389,2074,1175,29,15,10
2024-10-19,Arsenal,Away,Bournemouth,17:30,Matchweek 8,Sat,L,0,2,6,1,16.7,0.00,0.00,0,0,0.7,0.7,0.12,-0.7,-0.7,4,2,75.0,0,-0.4,16.7,27,59,45.8,6147,2354,0,0.4,0.4,3,25,2,1,25,9,0,0,0,0,0,0,0,11,10,13,5,8,6,29,3,51,587,125,21,17,7,41.2,309,1515,723,16,9,10
2024-10-27,Arsenal,Home,Liverpool,16:30,Matchweek 9,Sun,D,2,2,9,3,33.3,0.22,0.67,0,0,0.9,0.9,0.10,+1.1,+1.1,4,2,50.0,0,-0.2,4.8,28,54,51.9,5610,2004,2,0.9,1.2,8,24,8,1,39,17,1,1,1,0,1,0,4,4,11,10,2,8,7,28,1,45,514,162,29,13,6,46.2,230,1434,684,19,13,10
2024-11-02,Arsenal,Away,Newcastle Utd,12:30,Matchweek 10,Sat,L,0,1,10,0,0.0,0.00,,0,0,1.1,1.1,0.11,-1.1,-1.1,4,3,75.0,0,+0.3,18.2,33,64,51.6,7662,2338,0,1.1,1.7,9,38,13,3,55,19,0,0,0,0,0,0,0,3,10,16,3,13,6,18,0,63,659,213,29,17,3,17.6,372,2036,1022,15,17,13
2024-11-10,Arsenal,Away,Chelsea,16:30,Matchweek 11,Sun,D,1,1,13,3,23.1,0.08,0.33,0,0,1.5,1.5,0.12,-0.5,-0.5,3,2,66.7,0,-0.7,40.0,24,45,53.3,6174,2177,1,1.2,1.2,10,39,5,1,39,21,2,0,0,0,0,0,2,5,6,14,8,6,6,16,1,51,564,141,18,16,8,50.0,347,1626,869,13,13,16
2024-08-17,Nottingham-Forest,Home,Bournemouth,15:00,Matchweek 1,Sat,D,1,1,14,8,57.1,0.07,0.13,0,0,1.3,1.3,0.10,-0.3,-0.3,4,3,75.0,0,+0.2,0.0,30,63,47.6,6760,2706,0,0.5,0.8,11,24,11,2,37,26,0,0,0,1,0,0,1,10,12,12,3,9,7,26,0,53,677,206,28,23,9,39.1,299,1594,936,18,17,8
2024-08-24,Nottingham-Forest,Away,Southampton,15:00,Matchweek 2,Sat,W,1,0,23,8,34.8,0.04,0.13,0,0,2.2,2.2,0.11,-1.2,-1.2,1,1,100.0,1,0.0,20.0,34,63,54.0,5229,1881,0,1.9,1.0,17,24,7,2,29,37,0,0,0,1,0,0,1,12,15,8,3,5,11,23,0,36,503,156,33,20,7,35.0,280,1792,873,23,18,7
2024-08-31,Nottingham-Forest,Home,Wolves,15:00,Matchweek 3,Sat,D,1,1,16,5,31.3,0.06,0.20,1,0,1.0,1.0,0.06,0.0,0.0,2,1,50.0,0,-0.4,0.0,35,66,53.0,5668,2317,1,1.0,1.2,15,34,6,1,38,30,0,1,0,0,1,0,2,6,12,9,3,6,10,13,0,52,525,140,36,21,8,38.1,275,1377,724,25,7,15
2024-09-14,Nottingham-Forest,Away,Liverpool,15:00,Matchweek 4,Sat,W,1,0,5,3,60.0,0.20,0.33,0,0,0.4,0.4,0.09,+0.6,+0.6,5,5,100.0,1,+0.6,6.3,18,61,29.5,3484,1818,1,0.4,0.2,5,20,3,0,21,10,2,0,0,0,0,0,2,13,15,11,3,8,11,32,2,32,421,98,5,14,6,42.9,196,1108,509,10,5,7
2024-09-22,Nottingham-Forest,Away,Brighton,14:00,Matchweek 5,Sun,D,2,2,3,2,66.7,0.33,0.50,0,1,1.4,0.6,0.21,+0.6,+0.4,3,1,33.3,0,-0.9,0.0,17,57,29.8,3374,1371,1,0.6,0.4,3,11,1,0,13,7,2,0,0,0,1,0,3,7,8,12,7,5,8,51,0,30,399,42,11,14,8,57.1,121,659,370,8,5,9
2024-09-28,Nottingham-Forest,Home,Fulham,15:00,Matchweek 6,Sat,L,0,1,11,1,9.1,0.00,0.00,0,0,0.8,0.8,0.07,-0.8,-0.8,2,1,100.0,0,-0.2,0.0,20,52,38.5,4468,1529,0,0.6,1.0,5,23,7,1,26,18,0,0,0,0,0,0,0,5,3,13,7,6,9,21,0,41,494,167,29,6,4,66.7,275,1703,997,26,23,6
2024-10-06,Nottingham-Forest,Away,Chelsea,14:00,Matchweek 7,Sun,D,1,1,16,9,56.3,0.06,0.11,2,0,0.9,0.9,0.05,+0.1,+0.1,8,7,87.5,0,+0.9,0.0,18,54,33.3,3992,1708,1,0.5,0.4,9,20,6,3,20,26,1,1,0,0,0,0,2,4,6,18,5,13,6,33,1,35,459,113,20,19,9,47.4,196,1073,610,14,10,7
2024-10-21,Nottingham-Forest,Home,Crystal Palace,20:00,Matchweek 8,Mon,W,1,0,20,6,30.0,0.05,0.17,0,0,1.7,1.7,0.09,-0.7,-0.7,7,7,100.0,1,+0.9,0.0,43,75,57.3,6668,2549,0,1.5,1.2,15,32,6,2,38,36,2,0,0,0,0,0,2,3,5,16,5,11,14,18,0,51,625,200,30,27,16,59.3,290,1679,923,25,15,15
2024-10-25,Nottingham-Forest,Away,Leicester City,20:00,Matchweek 9,Fri,W,3,1,20,5,25.0,0.15,0.60,1,0,1.7,1.7,0.09,+1.3,+1.3,1,0,0.0,0,0.0,5.0,33,73,45.2,4348,2030,1,0.8,0.4,10,24,5,1,31,29,3,0,0,1,0,0,4,11,11,10,3,7,10,28,1,35,464,151,29,24,15,62.5,200,1160,626,19,11,9
2024-11-02,Nottingham-Forest,Home,West Ham,15:00,Matchweek 10,Sat,W,3,0,19,6,31.6,0.16,0.50,1,0,2.2,2.2,0.11,+0.8,+0.8,1,1,100.0,1,0.0,0.0,34,63,54.0,6312,2296,2,1.7,1.5,14,32,8,0,45,34,2,1,0,0,1,1,5,7,12,7,1,6,6,25,0,54,606,231,31,12,6,50.0,369,1640,926,23,12,9
2024-11-10,Nottingham-Forest,Home,Newcastle Utd,14:00,Matchweek 11,Sun,L,1,3,9,3,33.3,0.11,0.33,0,0,0.6,0.6,0.06,+0.4,+0.4,6,3,50.0,0,-0.7,4.3,31,68,45.6,5336,2002,1,0.5,0.7,8,29,5,2,31,16,0,1,0,0,1,0,2,12,19,8,4,4,7,27,1,44,537,154,17,15,6,40.0,251,1387,868,20,9,7
2024-08-17,Brighton-and-Hove-Albion,Away,Everton,15:00,Matchweek 1,Sat,W,3,0,10,5,50.0,0.30,0.60,0,0,1.4,1.4,0.14,+1.6,+1.6,1,1,100.0,1,0.0,0.0,35,63,55.6,8272,3083,3,1.4,1.0,10,20,7,1,38,19,4,0,1,0,0,0,5,11,13,11,4,7,8,18,1,60,711,125,26,18,6,33.3,456,2515,1309,18,14,11
2024-08-24,Brighton-and-Hove-Albion,Home,Manchester Utd,12:30,Matchweek 2,Sat,W,2,1,14,4,28.6,0.14,0.50,1,0,2.1,2.1,0.15,-0.1,-0.1,3,2,66.7,0,-0.6,22.2,40,60,66.7,7745,2737,2,2.0,2.3,12,34,10,2,46,27,4,0,0,0,0,0,4,9,12,13,2,11,7,11,0,48,616,146,33,24,10,41.7,369,2176,1256,24,12,5
2024-08-31,Brighton-and-Hove-Albion,Away,Arsenal,12:30,Matchweek 3,Sat,D,1,1,22,4,18.2,0.05,0.25,0,0,1.7,1.7,0.08,-0.7,-0.7,7,6,85.7,0,+1.4,0.0,47,66,71.2,7481,2504,0,1.0,1.0,13,38,5,3,50,38,0,0,0,1,0,0,1,7,7,6,2,4,5,12,0,64,620,205,31,24,10,41.7,358,2050,1198,28,20,5
2024-09-14,Brighton-and-Hove-Albion,Home,Ipswich Town,15:00,Matchweek 4,Sat,D,0,0,21,6,28.6,0.00,0.00,2,0,1.6,1.6,0.09,-1.6,-1.6,1,1,100.0,1,+0.1,33.3,43,70,61.4,8594,2953,0,0.6,1.0,10,44,11,3,58,34,0,0,0,0,0,0,0,11,11,5,1,4,9,8,0,68,729,211,35,30,10,33.3,382,2125,1265,28,16,10
2024-09-22,Brighton-and-Hove-Albion,Home,Nott'ham Forest,14:00,Matchweek 5,Sun,D,2,2,14,3,21.4,0.14,0.67,1,0,1.0,1.0,0.07,+1.0,+1.0,3,1,66.7,0,-0.3,33.3,44,69,63.8,8335,2829,1,0.7,0.9,12,51,8,1,75,25,3,0,0,0,1,0,4,3,5,14,1,13,7,8,0,70,709,262,30,20,10,50.0,441,2614,1574,35,26,11
2024-09-28,Brighton-and-Hove-Albion,Away,Chelsea,15:00,Matchweek 6,Sat,L,2,4,15,5,33.3,0.13,0.40,2,0,1.1,1.1,0.07,+0.9,+0.9,6,2,50.0,0,-0.9,0.0,29,52,55.8,8352,3141,1,0.5,0.6,8,47,11,3,54,24,0,0,0,0,0,1,1,12,8,14,4,10,12,12,4,59,724,183,26,28,11,39.3,455,2344,1081,16,19,8
2024-10-06,Brighton-and-Hove-Albion,Home,Tottenham,16:30,Matchweek 7,Sun,W,3,2,11,4,36.4,0.27,0.75,0,0,1.8,1.8,0.16,+1.2,+1.2,3,1,33.3,0,-0.7,0.0,22,48,45.8,5407,2071,1,0.9,0.5,8,18,10,4,38,21,4,1,1,0,0,0,6,9,7,15,3,12,11,20,2,41,517,121,25,24,7,29.2,287,1590,858,18,11,7
2024-10-19,Brighton-and-Hove-Albion,Away,Newcastle Utd,15:00,Matchweek 8,Sat,W,1,0,10,5,50.0,0.10,0.20,0,0,1.1,1.1,0.11,-0.1,-0.1,6,6,100.0,1,+0.9,5.9,36,68,52.9,5312,2303,1,0.7,0.5,6,18,5,0,19,19,2,0,0,0,0,0,2,8,15,16,8,8,9,38,0,40,559,78,12,19,3,15.8,267,1406,702,8,5,12
2024-10-26,Brighton-and-Hove-Albion,Home,Wolves,15:00,Matchweek 9,Sat,D,2,2,19,6,31.6,0.11,0.33,1,0,1.3,1.3,0.07,+0.7,+0.7,7,5,71.4,0,-0.3,0.0,49,81,60.5,7676,2516,2,1.0,0.9,12,23,14,3,50,27,3,0,0,0,0,0,3,9,10,15,5,10,9,22,1,51,637,192,32,24,11,45.8,366,1939,1214,21,25,12
2024-11-02,Brighton-and-Hove-Albion,Away,Liverpool,15:00,Matchweek 10,Sat,L,1,2,13,5,38.5,0.08,0.20,2,0,1.0,1.0,0.08,0.0,0.0,8,6,75.0,0,-0.2,0.0,38,66,57.6,7227,2337,1,0.8,1.0,10,31,8,3,42,22,2,0,0,0,0,0,2,8,13,12,6,6,9,27,0,51,635,139,23,26,8,30.8,321,1892,1048,19,12,11
2024-11-09,Brighton-and-Hove-Albion,Home,Manchester City,17:30,Matchweek 11,Sat,W,2,1,10,4,40.0,0.20,0.50,1,0,2.3,2.3,0.23,-0.3,-0.3,6,5,83.3,0,+1.6,10.0,32,50,64.0,6741,2293,1,1.9,1.2,7,21,10,4,23,18,4,0,0,0,0,0,4,4,6,14,3,11,12,21,0,40,568,91,19,11,2,18.2,347,1674,901,10,9,7
2024-08-16,Fulham,Away,Manchester Utd,20:00,Matchweek 1,Fri,L,0,1,10,2,20.0,0.00,0.00,0,0,0.4,0.4,0.04,-0.4,-0.4,5,4,80.0,0,+1.1,0.0,29,58,50.0,5642,2143,0,0.4,0.5,9,20,4,1,28,19,0,0,0,0,0,0,0,11,17,9,2,7,9,18,2,45,540,117,21,22,8,36.4,329,1746,927,17,19,9
2024-08-24,Fulham,Home,Leicester City,15:00,Matchweek 2,Sat,W,2,1,18,6,33.3,0.11,0.33,1,0,1.8,1.8,0.10,+0.2,+0.2,4,3,75.0,0,+0.7,18.2,50,75,66.7,8889,2964,2,1.7,1.2,17,44,12,1,58,34,4,0,0,0,0,0,4,7,10,7,2,5,8,8,0,54,689,213,30,19,4,21.1,404,2021,940,16,13,12
2024-08-31,Fulham,Away,Ipswich Town,15:00,Matchweek 3,Sat,D,1,1,9,4,44.4,0.11,0.25,0,0,0.9,0.9,0.11,+0.1,+0.1,4,3,75.0,0,-0.6,8.3,36,75,48.0,6828,2007,1,0.9,1.0,8,21,5,2,29,17,2,0,0,0,0,0,2,2,7,9,3,6,6,13,0,52,545,118,19,20,14,70.0,327,1564,760,14,8,7
2024-09-14,Fulham,Home,West Ham,15:00,Matchweek 4,Sat,D,1,1,21,5,23.8,0.05,0.20,2,0,1.5,1.5,0.07,-0.5,-0.5,3,2,66.7,0,-0.1,0.0,38,67,56.7,6501,2325,1,1.2,1.6,16,24,13,5,37,35,2,0,0,0,0,0,2,6,19,14,3,11,13,23,0,54,592,172,29,29,12,41.4,335,1562,886,22,13,9
2024-09-21,Fulham,Home,Newcastle Utd,15:00,Matchweek 5,Sat,W,3,1,22,11,50.0,0.14,0.27,0,0,2.2,2.2,0.10,+0.8,+0.8,5,4,80.0,0,0.0,9.1,20,55,36.4,5096,1850,3,2.0,1.2,17,29,9,3,30,36,4,0,0,0,0,0,4,5,9,6,3,3,6,21,1,39,484,169,37,17,4,23.5,293,1539,904,27,16,2
2024-09-28,Fulham,Away,Nott'ham Forest,15:00,Matchweek 6,Sat,W,1,0,13,1,7.7,0.00,0.00,0,1,1.3,0.5,0.04,-0.3,-0.5,1,1,100.0,1,0.0,5.0,36,58,62.1,8292,2514,0,0.3,0.4,7,43,7,0,47,24,1,0,0,0,1,0,2,1,2,8,5,3,9,44,1,59,677,184,23,16,9,56.3,439,2412,1385,29,21,3
2024-10-05,Fulham,Away,Manchester City,15:00,Matchweek 7,Sat,L,2,3,11,4,36.4,0.18,0.50,0,0,2.6,2.6,0.24,-0.6,-0.6,7,4,57.1,0,-1.7,8.3,40,59,67.8,6845,2176,2,2.6,2.1,11,41,6,2,34,21,4,0,0,0,0,0,4,13,9,19,6,13,7,22,1,42,598,163,24,12,5,41.7,401,1685,839,19,20,4
2024-10-19,Fulham,Home,Aston Villa,15:00,Matchweek 8,Sat,L,1,3,9,3,33.3,0.11,0.33,0,0,1.8,1.0,0.11,-0.8,0.0,5,3,40.0,0,-0.8,5.9,43,75,57.3,7526,2569,1,1.0,1.3,8,34,9,5,37,19,2,0,0,0,0,0,2,6,11,8,4,4,14,21,1,52,590,147,24,12,3,25.0,366,1762,849,20,18,8
2024-10-26,Fulham,Away,Everton,17:30,Matchweek 9,Sat,D,1,1,14,3,21.4,0.07,0.33,0,0,1.2,1.2,0.09,-0.2,-0.2,5,4,80.0,0,+0.3,7.7,52,79,65.8,10009,3551,1,1.2,0.8,12,47,15,6,44,23,1,0,1,0,0,0,2,6,11,11,2,9,4,23,0,60,742,184,22,17,7,41.2,478,2241,1170,13,13,10
2024-11-04,Fulham,Home,Brentford,20:00,Matchweek 10,Mon,W,2,1,26,12,46.2,0.08,0.17,0,0,1.3,1.3,0.05,+0.7,+0.7,2,1,50.0,0,-0.2,0.0,49,95,51.6,10434,3313,2,1.0,1.7,19,63,18,3,70,47,4,0,0,0,0,0,4,6,8,8,2,6,13,10,0,68,812,309,44,19,12,63.2,539,2678,1262,36,20,11
2024-11-09,Fulham,Away,Crystal Palace,15:00,Matchweek 11,Sat,W,2,0,17,7,41.2,0.12,0.29,0,0,1.8,1.8,0.11,+0.2,+0.2,4,4,100.0,1,+1.1,9.1,48,78,61.5,9513,3451,2,1.8,1.4,16,50,9,1,57,34,3,0,0,0,0,1,4,6,10,11,3,8,11,12,2,64,784,210,32,17,10,58.8,494,2269,1158,27,20,13
2024-08-17,Newcastle-United,Home,Southampton,15:00,Matchweek 1,Sat,W,1,0,3,1,33.3,0.33,1.00,0,0,0.3,0.3,0.08,+0.7,+0.7,3,3,100.0,1,+0.4,4.2,15,50,30.0,2221,1134,1,0.3,0.2,3,6,4,0,15,6,1,0,0,0,0,1,2,7,14,24,11,13,4,39,0,23,317,72,12,7,1,14.3,108,694,373,8,6,8
2024-08-25,Newcastle-United,Away,Bournemouth,14:00,Matchweek 2,Sun,D,1,1,14,5,35.7,0.07,0.20,0,0,1.6,1.6,0.12,-0.6,-0.6,4,3,75.0,0,+0.1,7.1,29,68,42.6,7309,3014,1,1.7,1.4,14,32,15,5,45,26,2,0,0,0,0,0,2,12,12,10,4,6,4,16,1,61,658,156,31,15,6,40.0,388,1986,844,19,14,14
2024-09-01,Newcastle-United,Home,Tottenham,13:30,Matchweek 3,Sun,W,2,1,9,3,33.3,0.22,0.67,0,0,1.8,1.8,0.20,+0.2,+0.2,6,6,83.3,0,+1.5,4.5,25,60,41.7,3548,1659,2,1.8,1.4,6,15,4,1,13,15,3,1,0,0,0,0,4,13,8,22,7,15,14,32,1,35,443,79,13,20,8,40.0,217,1081,438,9,4,12
2024-09-15,Newcastle-United,Away,Wolves,16:30,Matchweek 4,Sun,W,2,1,14,6,42.9,0.14,0.33,0,0,1.5,1.5,0.11,+0.5,+0.5,5,4,80.0,0,+0.3,7.7,29,48,60.4,7391,2621,2,1.5,1.2,13,44,8,1,47,27,3,0,1,0,0,0,4,8,9,10,1,9,5,25,1,51,609,172,20,22,12,54.5,398,2086,1057,26,11,15
2024-09-21,Newcastle-United,Away,Fulham,15:00,Matchweek 5,Sat,L,1,3,16,5,31.3,0.06,0.20,1,0,1.5,1.5,0.10,-0.5,-0.5,11,8,72.7,0,0.0,0.0,36,57,63.2,8977,3070,1,0.9,0.8,12,33,7,3,46,30,2,0,0,0,0,0,2,7,5,6,2,4,10,15,3,61,702,148,18,15,7,46.7,465,2334,957,15,13,14
2024-09-28,Newcastle-United,Home,Manchester City,12:30,Matchweek 6,Sat,D,1,1,10,3,30.0,0.00,0.00,0,1,1.6,0.8,0.08,-0.6,-0.8,6,5,83.3,0,+0.4,6.3,32,66,48.5,5019,2088,0,0.8,0.7,9,26,10,3,30,21,1,0,0,0,1,0,2,7,7,12,6,6,10,23,1,38,463,122,24,12,8,66.7,271,1408,642,14,5,13
2024-10-05,Newcastle-United,Away,Everton,17:30,Matchweek 7,Sat,D,0,0,13,1,7.7,0.00,0.00,0,0,2.1,1.3,0.10,-2.1,-1.3,2,2,100.0,1,+0.6,50.0,37,64,57.8,9922,3240,0,1.1,1.0,9,34,8,2,54,26,0,0,0,0,0,0,0,9,13,14,1,13,8,8,0,67,816,179,40,20,6,30.0,525,2950,1558,28,18,10
2024-10-19,Newcastle-United,Home,Brighton,15:00,Matchweek 8,Sat,L,0,1,21,6,28.6,0.00,0.00,2,0,2.0,2.0,0.10,-2.0,-2.0,5,4,80.0,0,+0.7,0.0,26,61,42.6,8081,2728,0,1.8,1.3,16,44,11,0,57,38,0,0,0,0,0,0,0,14,19,11,2,9,13,7,1,60,719,227,42,21,10,47.6,461,2515,1261,25,12,18
2024-10-27,Newcastle-United,Away,Chelsea,14:00,Matchweek 9,Sun,L,1,2,11,2,18.2,0.09,0.50,1,0,1.8,1.8,0.16,-0.8,-0.8,7,5,71.4,0,-0.1,12.5,41,74,55.4,7138,2719,1,1.7,1.3,9,33,10,1,37,20,2,0,0,0,0,0,2,7,8,10,4,6,6,13,2,50,581,116,23,13,6,46.2,372,1733,789,7,6,8
2024-11-02,Newcastle-United,Home,Arsenal,12:30,Matchweek 10,Sat,W,1,0,9,4,44.4,0.11,0.25,0,0,0.5,0.5,0.06,+0.5,+0.5,0,0,,1,0.0,9.5,17,67,25.4,3658,1497,1,0.4,0.7,7,16,5,1,24,18,2,0,0,0,0,0,2,10,15,9,4,5,6,26,0,37,425,96,16,10,6,60.0,208,1108,512,10,6,14
2024-11-10,Newcastle-United,Away,Nott'ham Forest,14:00,Matchweek 11,Sun,W,3,1,17,6,35.3,0.18,0.50,0,0,1.6,1.6,0.10,+1.4,+1.4,3,2,66.7,0,-0.1,16.7,27,53,50.9,7361,2550,2,1.3,1.4,13,42,10,1,56,27,4,0,0,1,0,0,5,6,8,10,3,7,14,23,1,56,666,213,30,16,2,12.5,421,2303,1318,25,17,17
2024-08-17,Aston-Villa,Away,West Ham,17:30,Matchweek 1,Sat,W,2,1,15,3,20.0,0.13,0.67,0,0,2.0,2.0,0.14,0.0,0.0,3,2,100.0,0,+0.3,5.3,27,57,47.4,6106,2145,2,1.7,0.9,12,28,6,0,25,23,2,1,0,0,0,0,3,6,15,13,4,9,7,22,0,48,561,139,21,15,8,53.3,310,1892,1152,23,12,7
2024-08-24,Aston-Villa,Home,Arsenal,17:30,Matchweek 2,Sat,L,0,2,11,3,27.3,0.00,0.00,0,0,1.2,1.2,0.12,-1.2,-1.2,4,2,50.0,0,-1.1,12.5,24,50,48.0,4799,1818,0,0.7,0.5,9,20,5,1,17,19,0,0,0,0,0,0,0,9,10,4,1,3,4,17,1,40,457,101,16,21,11,52.4,237,1283,778,16,6,10
2024-08-31,Aston-Villa,Away,Leicester City,15:00,Matchweek 3,Sat,W,2,1,10,5,50.0,0.20,0.40,0,0,1.4,1.4,0.16,+0.6,+0.6,3,2,66.7,0,-0.6,15.4,32,54,59.3,5783,2163,2,1.5,1.3,7,18,9,3,19,17,2,0,0,1,0,0,3,7,10,7,1,6,7,26,1,43,520,94,20,22,13,59.1,251,1675,750,17,13,15
2024-09-14,Aston-Villa,Home,Everton,17:30,Matchweek 4,Sat,W,3,2,17,7,41.2,0.18,0.43,0,0,2.1,2.1,0.13,+0.9,+0.9,2,0,0.0,0,-0.9,20.0,33,60,55.0,10147,2990,2,1.7,2.2,12,72,13,2,52,33,6,0,0,0,0,0,6,12,15,9,1,8,4,9,2,72,804,256,29,18,6,33.3,535,2374,1258,15,18,16
2024-09-21,Aston-Villa,Home,Wolves,15:00,Matchweek 5,Sat,W,3,1,9,3,33.3,0.33,1.00,1,0,1.7,1.7,0.19,+1.3,+1.3,4,3,75.0,0,+0.1,0.0,21,37,56.8,6613,2226,3,1.6,1.7,7,39,12,2,54,15,5,0,0,0,0,0,5,8,10,11,5,6,5,15,1,53,584,186,28,24,9,37.5,374,1842,1000,23,17,12
2024-09-29,Aston-Villa,Away,Ipswich Town,14:00,Matchweek 6,Sun,D,2,2,7,3,42.9,0.29,0.67,1,0,0.8,0.8,0.12,+1.2,+1.2,5,3,60.0,0,+0.4,14.3,36,62,58.1,8284,2553,2,0.7,1.0,6,58,4,1,33,14,4,0,0,0,0,0,4,5,9,10,3,7,5,18,0,56,652,176,17,13,5,38.5,478,2016,943,18,13,13
2024-10-06,Aston-Villa,Home,Manchester Utd,14:00,Matchweek 7,Sun,D,0,0,11,1,9.1,0.00,0.00,1,0,0.5,0.5,0.05,-0.5,-0.5,4,4,100.0,1,+1.0,11.1,23,51,45.1,6144,2102,0,0.4,0.6,8,30,8,1,38,22,0,0,0,0,0,0,0,8,10,4,2,2,6,14,0,53,541,139,24,18,7,38.9,363,1863,982,21,14,12
2024-10-19,Aston-Villa,Away,Fulham,15:00,Matchweek 8,Sat,W,3,1,14,5,35.7,0.14,0.40,1,0,1.6,1.6,0.12,+0.4,+0.4,4,2,75.0,0,+0.4,9.5,29,54,53.7,6197,2243,2,1.4,0.9,11,31,11,0,41,27,2,1,0,1,0,0,4,3,5,9,1,8,14,23,0,48,549,138,23,17,8,47.1,281,1683,954,20,12,12
2024-10-26,Aston-Villa,Home,Bournemouth,15:00,Matchweek 9,Sat,D,1,1,18,8,44.4,0.06,0.13,0,0,1.8,1.8,0.10,-0.8,-0.8,3,2,66.7,0,+0.1,29.4,32,65,49.2,6914,2859,1,1.3,1.7,13,29,11,2,37,33,2,0,0,0,0,0,2,6,5,7,3,4,11,17,0,57,562,153,33,13,6,46.2,362,1657,808,18,9,12
2024-11-03,Aston-Villa,Away,Tottenham,14:00,Matchweek 10,Sun,L,1,4,12,1,8.3,0.08,1.00,0,0,1.8,1.8,0.15,-0.8,-0.8,6,2,33.3,0,-1.2,16.7,34,57,59.6,6241,2425,0,1.1,0.5,11,18,7,3,24,20,0,0,0,1,0,0,1,12,11,9,2,7,11,26,3,49,525,87,15,25,14,56.0,300,1799,891,13,11,7
2024-11-09,Aston-Villa,Away,Liverpool,20:00,Matchweek 11,Sat,L,0,2,12,2,16.7,0.00,0.00,0,0,1.2,1.2,0.12,-1.2,-1.2,5,3,60.0,0,-0.8,0.0,26,50,52.0,5216,2146,0,0.9,0.6,9,12,7,3,28,21,0,0,0,0,0,0,0,6,8,10,3,7,6,18,1,38,482,102,27,16,11,68.8,245,1421,760,14,10,9
2024-08-19,Tottenham-Hotspur,Away,Leicester City,20:00,Matchweek 1,Mon,D,1,1,15,6,40.0,0.07,0.17,0,0,1.2,1.2,0.08,-0.2,-0.2,3,2,66.7,0,+0.3,8.3,36,54,66.7,10258,3287,1,1.1,2.4,12,59,19,5,69,30,2,0,0,0,0,0,2,9,13,8,1,7,6,16,0,70,840,291,58,26,13,50.0,465,2247,1160,24,13,11
2024-08-24,Tottenham-Hotspur,Home,Everton,15:00,Matchweek 2,Sat,W,4,0,13,7,53.8,0.31,0.57,1,0,2.4,2.4,0.19,+1.6,+1.6,1,1,100.0,1,+0.1,11.1,36,56,64.3,8899,2733,3,1.4,1.1,11,33,12,3,52,21,2,1,1,0,0,0,4,16,16,10,5,5,4,14,1,70,765,197,30,24,7,29.2,525,2789,1510,22,16,16
2024-09-01,Tottenham-Hotspur,Away,Newcastle Utd,13:30,Matchweek 3,Sun,L,1,2,20,6,30.0,0.00,0.00,1,0,1.2,1.2,0.06,-1.2,-1.2,3,1,33.3,0,+0.1,10.0,17,44,38.6,6707,1912,0,0.6,0.9,13,38,14,2,48,35,0,0,0,0,0,0,0,10,16,16,3,13,7,12,0,65,675,303,44,26,10,38.5,377,2179,1176,29,26,4
2024-09-15,Tottenham-Hotspur,Home,Arsenal,14:00,Matchweek 4,Sun,L,0,1,15,5,33.3,0.00,0.00,0,0,0.7,0.7,0.05,-0.7,-0.7,4,3,75.0,0,+0.4,0.0,26,56,46.4,7679,2182,0,0.6,0.9,12,53,11,3,56,29,0,0,0,0,0,0,0,8,13,13,3,10,9,23,0,63,669,229,28,24,7,29.2,452,2612,1413,32,28,8
2024-09-21,Tottenham-Hotspur,Home,Brentford,15:00,Matchweek 5,Sat,W,3,1,23,9,39.1,0.13,0.33,0,0,3.5,3.5,0.17,-0.5,-0.5,6,5,83.3,0,+0.5,33.3,31,55,56.4,6354,2559,2,1.8,1.9,15,36,16,1,56,38,4,0,0,1,0,0,5,8,11,7,0,7,17,19,1,48,621,251,56,22,11,50.0,367,1886,973,34,17,16
2024-09-29,Tottenham-Hotspur,Away,Manchester Utd,16:30,Matchweek 6,Sun,W,3,0,24,10,41.7,0.13,0.30,0,0,4.4,4.4,0.20,-1.4,-1.4,2,2,100.0,1,+0.3,6.7,39,59,66.1,9890,3227,2,3.9,1.5,19,33,15,2,54,41,3,0,0,1,0,1,5,6,6,19,4,15,11,16,0,61,781,195,41,19,6,31.6,546,2881,1635,31,25,15
2024-10-06,Tottenham-Hotspur,Away,Brighton,16:30,Matchweek 7,Sun,L,2,3,13,3,23.1,0.15,0.67,0,0,1.3,1.3,0.10,+0.7,+0.7,4,1,25.0,0,-0.7,10.0,24,46,52.2,8382,2841,2,1.0,0.8,8,41,11,1,51,20,4,0,0,0,0,0,4,13,12,10,2,8,7,14,1,59,676,139,31,24,14,58.3,452,2311,1228,25,10,3
2024-10-19,Tottenham-Hotspur,Home,West Ham,12:30,Matchweek 8,Sat,W,4,1,22,7,31.8,0.14,0.43,0,0,1.9,1.9,0.09,+1.1,+1.1,3,2,66.7,0,-0.1,22.2,33,54,61.1,7522,2425,3,1.7,1.6,19,48,14,2,62,37,5,0,0,0,0,0,5,15,16,9,4,5,5,16,0,57,650,225,41,26,7,26.9,433,2398,1206,22,18,15
2024-10-27,Tottenham-Hotspur,Away,Crystal Palace,14:00,Matchweek 9,Sun,L,0,1,11,3,27.3,0.00,0.00,0,0,0.7,0.7,0.07,-0.7,-0.7,6,5,83.3,0,+0.5,9.1,33,60,55.0,7625,3071,0,0.4,0.5,6,32,16,4,55,20,0,0,0,0,0,0,0,7,14,9,1,8,10,23,2,66,690,167,24,28,9,32.1,428,2488,1245,20,17,16
2024-11-03,Tottenham-Hotspur,Home,Aston Villa,14:00,Matchweek 10,Sun,W,4,1,16,6,37.5,0.25,0.67,1,0,2.4,2.4,0.15,+1.6,+1.6,1,0,0.0,0,0.0,25.0,24,44,54.5,6331,2137,3,2.2,1.8,10,37,9,1,45,30,7,0,0,0,1,0,8,10,7,13,3,10,16,19,0,51,560,203,22,20,5,25.0,281,1826,971,23,14,7
2024-11-10,Tottenham-Hotspur,Home,Ipswich Town,14:00,Matchweek 11,Sun,L,1,2,17,5,29.4,0.06,0.20,0,0,1.5,1.5,0.09,-0.5,-0.5,3,1,33.3,0,+0.4,20.0,38,70,54.3,8430,2804,1,1.3,1.2,13,43,11,4,60,31,0,1,1,0,0,0,2,3,6,11,3,8,13,14,2,66,714,221,35,22,11,50.0,452,2693,1325,32,22,7
2024-08-18,Brentford,Home,Crystal Palace,14:00,Matchweek 1,Sun,W,2,1,9,5,55.6,0.22,0.40,0,0,1.6,1.6,0.20,+0.4,+0.4,6,6,83.3,0,+1.0,9.1,47,75,62.7,6367,2592,1,0.6,0.6,7,22,4,3,31,15,2,0,0,1,0,0,3,14,10,13,4,9,11,20,0,46,542,114,12,16,5,31.3,318,1617,814,16,12,14
2024-08-25,Brentford,Away,Liverpool,16:30,Matchweek 2,Sun,L,0,2,8,2,25.0,0.00,0.00,0,0,0.5,0.5,0.07,-0.5,-0.5,8,6,75.0,0,+0.8,0.0,43,68,63.2,6275,2100,0,0.5,0.4,5,18,5,1,26,15,0,0,0,0,0,0,0,5,6,11,7,4,5,15,0,38,493,104,8,22,6,27.3,282,1646,866,11,9,4
2024-08-31,Brentford,Home,Southampton,15:00,Matchweek 3,Sat,W,3,1,20,7,35.0,0.15,0.43,0,0,2.8,2.8,0.14,+0.2,+0.2,6,5,83.3,0,-0.3,0.0,33,51,64.7,5898,2424,1,1.5,1.4,16,27,9,2,38,37,3,1,0,1,0,0,5,5,13,16,5,11,11,24,0,37,521,160,41,11,6,54.5,291,1435,739,20,5,10
2024-09-14,Brentford,Away,Manchester City,15:00,Matchweek 4,Sat,L,1,2,8,5,62.5,0.13,0.20,0,0,1.0,1.0,0.12,0.0,0.0,7,5,71.4,0,0.0,22.2,42,72,58.3,7716,2800,0,0.6,0.8,6,19,11,3,22,15,2,0,0,0,0,0,2,8,15,13,4,9,9,24,1,46,605,100,19,11,3,27.3,337,1544,654,12,8,6
2024-09-21,Brentford,Away,Tottenham,15:00,Matchweek 5,Sat,L,1,3,6,6,100.0,0.17,0.17,0,0,0.8,0.8,0.13,+0.2,+0.2,9,6,66.7,0,-1.1,6.3,53,99,53.5,7426,2653,1,0.8,0.8,6,20,5,1,26,9,2,0,0,0,0,0,2,11,16,27,10,17,11,27,3,52,654,116,17,17,8,47.1,322,1539,663,10,9,10
2024-09-28,Brentford,Home,West Ham,15:00,Matchweek 6,Sat,D,1,1,8,3,37.5,0.13,0.33,1,0,0.4,0.4,0.05,+0.6,+0.6,3,2,66.7,0,+0.3,7.1,44,86,51.2,7843,2607,1,0.2,0.8,4,43,9,3,37,15,2,0,0,0,0,0,2,8,15,12,5,7,10,19,0,57,700,192,22,16,4,25.0,402,2181,1062,18,10,8
2024-10-05,Brentford,Home,Wolves,15:00,Matchweek 7,Sat,W,5,3,18,11,61.1,0.22,0.36,1,1,4.2,3.4,0.19,+0.8,+0.6,6,3,50.0,0,-1.6,6.3,37,67,55.2,6102,2632,3,2.4,1.9,14,26,9,4,35,33,7,1,0,0,1,0,9,9,8,13,4,9,6,31,0,44,538,153,42,16,5,31.3,247,1420,655,17,10,9
2024-10-19,Brentford,Away,Manchester Utd,15:00,Matchweek 8,Sat,L,1,2,8,2,25.0,0.13,0.50,1,0,0.9,0.9,0.11,+0.1,+0.1,11,9,81.8,0,0.0,0.0,34,59,57.6,7301,2487,1,0.7,0.7,6,35,4,2,32,15,1,1,0,0,0,0,2,7,11,14,6,8,10,30,0,50,652,128,15,24,12,50.0,442,2427,1218,17,15,13
2024-10-26,Brentford,Home,Ipswich Town,15:00,Matchweek 9,Sat,W,4,3,19,8,42.1,0.16,0.38,1,1,4.0,3.3,0.17,0.0,-0.3,5,2,40.0,0,-1.0,7.1,41,71,57.7,9470,3164,2,3.2,1.9,17,35,10,4,64,38,6,1,0,0,1,0,8,3,6,7,0,7,4,33,2,65,718,147,30,16,5,31.3,427,2333,1190,18,10,4
2024-11-04,Brentford,Away,Fulham,20:00,Matchweek 10,Mon,L,1,2,5,2,40.0,0.20,0.50,0,0,0.6,0.6,0.13,+0.4,+0.4,12,10,83.3,0,+0.3,6.1,21,67,31.3,4438,1902,1,0.5,0.2,4,28,1,0,36,9,2,0,0,0,0,0,2,5,12,17,10,7,12,39,0,32,472,80,9,13,7,53.8,212,1225,579,8,4,9
2024-11-09,Brentford,Home,Bournemouth,15:00,Matchweek 11,Sat,W,3,2,12,6,50.0,0.25,0.50,0,0,1.5,1.5,0.12,+1.5,+1.5,3,1,33.3,0,-0.3,5.6,26,68,38.2,6223,2546,2,1.3,1.5,9,21,12,3,39,23,4,0,1,0,1,0,6,4,6,12,7,5,6,42,1,51,579,134,28,10,4,40.0,235,1328,560,10,11,11
2024-08-17,Bournemouth,Away,Nott'ham Forest,15:00,Matchweek 1,Sat,D,1,1,13,4,30.8,0.08,0.25,1,0,1.2,1.2,0.09,-0.2,-0.2,8,7,87.5,0,+0.7,0.0,39,85,45.9,6628,2447,0,0.5,0.5,7,33,6,0,49,24,2,0,0,0,0,0,2,10,7,13,3,10,14,29,1,47,628,160,22,20,5,25.0,327,1992,1085,18,12,14
2024-08-25,Bournemouth,Home,Newcastle Utd,14:00,Matchweek 2,Sun,D,1,1,16,4,25.0,0.06,0.25,1,0,2.2,2.2,0.14,-1.2,-1.2,5,4,80.0,0,+1.6,10.5,36,84,42.9,5183,2158,1,2.2,1.8,14,28,6,1,31,29,1,0,0,0,0,0,1,7,16,24,5,19,6,35,0,39,515,157,26,14,2,14.3,211,1085,559,16,9,9
2024-08-31,Bournemouth,Away,Everton,15:00,Matchweek 3,Sat,W,3,2,17,7,41.2,0.18,0.43,0,0,2.4,2.4,0.15,+0.6,+0.6,8,6,75.0,0,-0.5,0.0,31,68,45.6,5895,2374,3,2.2,1.8,14,23,11,8,36,33,6,0,0,0,0,0,6,9,10,10,2,8,7,24,0,53,569,142,28,18,5,27.8,317,1945,1142,22,12,6
2024-09-14,Bournemouth,Home,Chelsea,20:00,Matchweek 4,Sat,L,0,1,18,6,33.3,0.00,0.00,0,0,1.7,0.9,0.05,-1.7,-0.9,3,2,66.7,0,+0.2,0.0,26,61,42.6,4101,2043,0,0.8,0.6,13,26,10,3,36,32,0,0,0,0,0,0,0,6,8,10,4,6,10,17,1,34,426,141,26,18,9,50.0,214,1375,586,12,8,6
2024-09-21,Bournemouth,Away,Liverpool,15:00,Matchweek 5,Sat,L,0,3,19,6,31.6,0.00,0.00,1,0,1.1,1.1,0.06,-1.1,-1.1,12,9,75.0,0,+0.8,16.7,38,66,57.6,6752,2440,0,0.9,0.7,14,28,10,1,42,33,0,0,0,0,0,0,0,5,11,12,4,8,7,16,1,42,556,149,27,23,11,47.8,254,1439,840,15,11,8
2024-09-30,Bournemouth,Home,Southampton,20:00,Matchweek 6,Mon,W,3,1,14,6,42.9,0.21,0.50,0,0,1.3,1.3,0.10,+1.7,+1.7,3,2,66.7,0,+0.3,9.1,34,70,48.6,6009,2080,3,1.3,0.7,11,31,6,1,36,25,1,1,1,1,1,0,5,8,8,15,3,12,11,18,0,40,534,158,25,17,8,47.1,306,1424,669,16,13,15
2024-10-05,Bournemouth,Away,Leicester City,15:00,Matchweek 7,Sat,L,0,1,19,2,10.5,0.00,0.00,0,0,2.1,2.1,0.11,-2.1,-2.1,2,1,50.0,0,-0.2,25.0,32,63,50.8,6838,2666,0,1.9,1.6,17,38,9,3,61,35,0,0,0,0,0,0,0,11,14,9,0,9,6,20,0,55,607,204,33,17,9,52.9,365,2272,1222,20,15,10
2024-10-19,Bournemouth,Home,Arsenal,17:30,Matchweek 8,Sat,W,2,0,12,3,25.0,0.08,0.33,0,1,1.8,1.0,0.09,+0.2,0.0,1,1,100.0,1,+0.3,15.4,29,69,42.0,6346,2212,1,0.7,0.5,10,30,6,1,37,25,1,1,0,0,1,0,3,6,11,13,1,12,6,21,1,49,564,181,27,31,17,54.8,324,1965,1066,28,17,6
2024-10-26,Bournemouth,Away,Aston Villa,15:00,Matchweek 9,Sat,D,1,1,10,3,30.0,0.10,0.33,0,0,0.3,0.3,0.03,+0.7,+0.7,8,7,87.5,0,+2.2,0.0,37,68,54.4,5430,2337,1,0.3,0.4,8,25,7,2,34,20,0,1,0,0,1,0,2,5,10,13,5,8,11,20,0,43,484,121,17,13,5,38.5,280,1649,891,18,14,5
2024-11-02,Bournemouth,Home,Manchester City,15:00,Matchweek 10,Sat,W,2,1,12,6,50.0,0.17,0.33,0,0,2.0,2.0,0.18,0.0,0.0,4,3,75.0,0,+0.9,0.0,45,73,61.6,5904,2390,2,1.2,1.0,10,33,7,3,26,20,3,0,1,0,0,0,4,6,12,8,4,4,12,39,0,36,480,119,22,20,11,55.0,273,1555,754,19,12,9
2024-11-09,Bournemouth,Away,Brentford,15:00,Matchweek 11,Sat,L,2,3,15,3,20.0,0.13,0.67,1,0,2.6,2.6,0.17,-0.6,-0.6,6,3,50.0,0,-1.2,0.0,33,82,40.2,5841,2124,1,1.5,1.6,11,42,11,5,35,26,2,0,1,0,0,0,3,5,12,11,4,7,8,32,0,49,564,184,31,11,6,54.5,290,1528,798,21,10,7
2024-08-16,Manchester-United,Home,Fulham,20:00,Matchweek 1,Fri,W,1,0,14,5,35.7,0.07,0.20,0,0,2.4,2.4,0.17,-1.4,-1.4,2,2,100.0,1,+0.9,12.5,32,54,59.3,6600,2181,1,2.0,1.0,10,31,7,2,43,24,2,0,0,0,0,0,2,12,14,11,3,8,19,22,0,55,640,183,22,21,8,38.1,420,2298,1138,15,18,13
2024-08-24,Manchester-United,Away,Brighton,12:30,Matchweek 2,Sat,L,1,2,11,3,27.3,0.09,0.33,0,0,1.4,1.4,0.13,-0.4,-0.4,4,2,50.0,0,+0.5,0.0,34,53,64.2,8021,3065,1,1.4,1.3,11,28,7,2,34,21,2,0,0,0,0,0,2,14,11,12,4,8,12,9,0,52,643,110,26,22,10,45.5,433,2146,1069,15,14,8
2024-09-01,Manchester-United,Home,Liverpool,16:00,Matchweek 3,Sun,L,0,3,8,3,37.5,0.00,0.00,0,0,1.4,1.4,0.17,-1.4,-1.4,3,0,0.0,0,-0.6,0.0,28,55,50.9,7103,2494,0,1.3,1.0,7,31,6,3,33,16,0,0,0,0,0,0,0,14,20,6,1,5,7,10,4,53,661,133,26,22,8,36.4,407,2038,916,12,5,11
2024-09-14,Manchester-United,Away,Southampton,12:30,Matchweek 4,Sat,W,3,0,20,10,50.0,0.15,0.30,0,0,2.6,2.6,0.13,+0.4,+0.4,3,2,100.0,1,+1.0,0.0,27,44,61.4,9585,2992,3,2.6,2.2,17,41,15,1,54,39,4,2,0,0,0,0,6,13,13,8,2,6,12,12,0,56,744,174,34,25,14,56.0,466,2277,1169,27,13,14
2024-09-21,Manchester-United,Away,Crystal Palace,17:30,Matchweek 5,Sat,D,0,0,15,6,40.0,0.00,0.00,0,0,1.6,1.6,0.12,-1.6,-1.6,4,4,100.0,1,+0.5,0.0,37,80,46.3,9740,3065,0,1.3,1.3,12,38,10,0,57,27,0,0,0,0,0,0,0,6,8,8,2,6,9,15,0,67,814,214,31,16,7,43.8,524,2651,1284,18,14,14
2024-09-29,Manchester-United,Home,Tottenham,16:30,Matchweek 6,Sun,L,0,3,11,2,18.2,0.00,0.00,0,0,1.0,1.0,0.09,-1.0,-1.0,10,7,70.0,0,+0.4,10.0,35,70,50.0,5950,2476,0,0.8,0.5,9,30,5,2,32,20,0,0,0,0,0,0,0,12,15,14,6,8,17,16,0,39,554,129,24,9,2,22.2,308,1440,624,7,6,1
2024-10-06,Manchester-United,Away,Aston Villa,14:00,Matchweek 7,Sun,D,0,0,10,4,40.0,0.00,0.00,1,0,0.6,0.6,0.06,-0.6,-0.6,1,1,100.0,1,+0.4,6.3,26,55,47.3,5203,1953,0,0.2,0.4,6,26,3,1,24,15,0,0,0,0,0,0,0,9,12,12,3,9,12,24,0,47,508,104,9,12,4,33.3,255,1297,636,11,10,4
2024-10-19,Manchester-United,Home,Brentford,15:00,Matchweek 8,Sat,W,2,1,23,11,47.8,0.09,0.18,0,0,1.3,1.3,0.06,+0.7,+0.7,2,1,50.0,0,+0.1,12.5,36,73,49.3,7200,2753,2,1.3,1.0,20,41,11,3,46,42,4,0,0,0,0,0,4,12,16,5,1,4,8,25,0,50,640,164,33,12,5,41.7,351,1802,986,25,11,8
2024-10-27,Manchester-United,Away,West Ham,14:00,Matchweek 9,Sun,L,1,2,18,5,27.8,0.06,0.20,1,0,2.3,2.3,0.13,-1.3,-1.3,3,1,66.7,0,0.0,6.7,52,86,60.5,8131,2578,1,2.1,1.2,14,46,10,3,47,35,0,0,0,1,0,0,1,6,11,13,1,12,6,31,1,58,714,188,32,14,7,50.0,417,2033,1008,17,15,4
2024-11-03,Manchester-United,Home,Chelsea,16:30,Matchweek 10,Sun,D,1,1,10,3,30.0,0.00,0.00,1,1,2.0,1.2,0.12,-1.0,-1.2,3,2,66.7,0,-0.3,8.3,22,59,37.3,6002,2133,0,0.7,0.4,7,24,4,1,30,21,1,0,0,0,1,0,2,9,13,15,5,10,11,20,3,46,554,113,19,24,10,41.7,306,1718,813,17,9,9
2024-11-10,Manchester-United,Home,Leicester City,14:00,Matchweek 11,Sun,W,3,0,13,3,23.1,0.15,0.67,0,0,0.8,0.8,0.06,+1.2,+1.2,5,5,100.0,1,+0.7,9.1,22,49,44.9,7136,2325,2,0.7,0.5,12,30,7,2,48,25,4,0,0,0,0,0,4,15,24,6,0,6,7,20,0,51,659,167,16,19,11,57.9,430,2102,1138,18,17,15
2024-08-17,West-Ham-United,Home,Aston Villa,17:30,Matchweek 1,Sat,L,1,2,13,2,15.4,0.00,0.00,0,1,2.3,1.5,0.13,-1.3,-1.5,3,1,33.3,0,-0.7,9.1,45,75,60.0,6787,2273,0,1.1,1.1,10,20,9,3,30,26,1,0,0,0,1,0,2,7,10,14,6,8,6,24,0,52,571,106,22,11,4,36.4,327,1887,988,20,11,18
2024-08-24,West-Ham-United,Away,Crystal Palace,15:00,Matchweek 2,Sat,W,2,0,18,3,16.7,0.11,0.67,0,0,1.4,1.4,0.08,+0.6,+0.6,2,2,100.0,1,+0.3,6.7,41,75,54.7,6024,2306,1,0.6,0.8,8,23,3,0,28,26,1,0,1,1,0,0,3,11,12,10,4,6,15,25,0,42,558,87,21,26,14,53.8,225,1138,618,19,9,14
2024-08-31,West-Ham-United,Home,Manchester City,17:30,Matchweek 3,Sat,L,1,3,10,2,20.0,0.00,0.00,0,0,0.7,0.7,0.07,-0.7,-0.7,8,5,62.5,0,+0.2,6.7,27,45,60.0,4964,1915,0,0.4,0.6,6,25,8,2,23,17,0,0,0,0,0,0,0,3,6,13,5,8,6,20,1,33,468,111,23,17,10,58.8,283,1759,850,17,12,10
2024-09-14,West-Ham-United,Away,Fulham,15:00,Matchweek 4,Sat,D,1,1,11,3,27.3,0.09,0.33,0,0,0.8,0.8,0.07,+0.2,+0.2,5,4,80.0,0,-0.2,0.0,32,66,48.5,5050,1796,1,0.7,0.3,9,27,5,3,31,21,1,1,0,0,0,0,2,9,10,16,6,10,10,24,0,46,503,122,12,24,9,37.5,234,1255,595,12,11,24
2024-09-21,West-Ham-United,Home,Chelsea,12:30,Matchweek 5,Sat,L,0,3,15,7,46.7,0.00,0.00,1,0,0.9,0.9,0.06,-0.9,-0.9,5,2,40.0,0,-0.3,0.0,28,53,52.8,7723,2705,0,0.5,0.9,9,50,10,1,61,27,0,0,0,0,0,0,0,5,6,9,3,6,8,9,0,53,640,180,34,24,9,37.5,422,2446,1239,30,16,8
2024-09-28,West-Ham-United,Away,Brentford,15:00,Matchweek 6,Sat,D,1,1,19,3,15.8,0.05,0.33,0,0,1.0,1.0,0.05,0.0,0.0,3,2,66.7,0,+0.3,0.0,41,77,53.2,6033,2355,1,0.9,0.9,14,32,11,2,39,32,0,0,0,1,0,0,1,9,7,13,3,10,10,38,1,43,578,183,35,18,10,55.6,281,1343,631,18,14,17
2024-10-05,West-Ham-United,Home,Ipswich Town,15:00,Matchweek 7,Sat,W,4,1,23,12,52.2,0.17,0.33,1,0,3.6,3.6,0.17,+0.4,+0.4,2,1,50.0,0,-0.3,15.4,42,69,60.9,8209,2825,1,2.1,1.7,15,32,7,2,36,36,2,0,0,3,0,0,5,6,11,14,3,11,8,17,0,52,643,112,27,17,8,47.1,364,1704,866,19,6,7
2024-10-19,West-Ham-United,Away,Tottenham,12:30,Matchweek 8,Sat,L,1,4,11,3,27.3,0.09,0.33,0,0,0.8,0.8,0.07,+0.2,+0.2,7,4,42.9,0,-2.2,10.5,50,79,63.3,6046,2202,0,0.7,0.9,8,23,6,2,29,20,1,0,0,1,0,0,2,18,25,10,6,4,11,28,1,43,530,123,20,33,15,45.5,247,1250,657,16,11,10
2024-10-27,West-Ham-United,Home,Manchester Utd,14:00,Matchweek 9,Sun,W,2,1,11,2,18.2,0.09,0.50,0,1,2.8,2.1,0.20,-0.8,-1.1,5,4,80.0,0,+1.0,5.3,39,60,65.0,5808,2291,1,2.2,1.1,10,26,10,4,35,22,1,0,0,1,1,0,3,7,5,11,5,6,12,42,1,42,562,144,29,16,10,62.5,284,1459,694,21,12,13
2024-11-02,West-Ham-United,Away,Nott'ham Forest,15:00,Matchweek 10,Sat,L,0,3,4,1,25.0,0.00,0.00,0,0,0.1,0.1,0.03,-0.1,-0.1,6,3,50.0,0,-0.1,6.7,23,62,37.1,5783,1864,0,0.0,0.3,2,17,3,1,20,5,0,0,0,0,0,0,0,4,11,9,3,6,11,32,1,46,529,112,9,20,10,50.0,300,1696,896,17,11,11
2024-11-09,West-Ham-United,Home,Everton,15:00,Matchweek 11,Sat,D,0,0,11,6,54.5,0.00,0.00,0,0,0.8,0.8,0.08,-0.8,-0.8,4,4,100.0,1,+0.5,9.1,38,74,51.4,6673,2325,0,0.8,0.8,9,35,8,0,33,19,0,0,0,0,0,0,0,9,6,20,5,15,4,33,1,49,629,153,19,24,7,29.2,331,1407,747,17,11,8
2024-08-19,Leicester-City,Home,Tottenham,20:00,Matchweek 1,Mon,D,1,1,7,3,42.9,0.14,0.33,0,0,1.0,1.0,0.15,0.0,0.0,6,5,83.3,0,+0.9,0.0,16,49,32.7,4016,1704,1,0.9,1.0,5,20,7,4,23,13,2,0,0,0,0,0,2,11,15,20,6,14,10,42,0,30,454,73,10,19,7,36.8,212,1128,483,12,5,14
2024-08-24,Leicester-City,Away,Fulham,15:00,Matchweek 2,Sat,L,1,2,10,4,40.0,0.10,0.25,1,0,0.6,0.6,0.06,+0.4,+0.4,6,4,66.7,0,-0.1,10.5,32,59,54.2,6986,2369,1,0.4,0.4,6,18,1,1,22,16,1,1,0,0,0,0,2,9,14,20,5,15,7,30,1,46,606,59,9,18,7,38.9,337,1571,738,8,4,7
2024-08-31,Leicester-City,Home,Aston Villa,15:00,Matchweek 3,Sat,L,1,2,9,3,33.3,0.11,0.33,0,0,0.4,0.4,0.05,+0.6,+0.6,5,3,60.0,0,+0.3,0.0,36,59,61.0,7199,2461,1,0.3,1.0,5,40,5,1,31,15,1,0,1,0,0,0,2,7,11,10,2,8,11,18,0,57,653,131,15,17,6,35.3,420,1938,910,13,10,10
2024-09-14,Leicester-City,Away,Crystal Palace,15:00,Matchweek 4,Sat,D,2,2,9,4,44.4,0.22,0.50,0,0,1.2,1.2,0.14,+0.8,+0.8,4,2,75.0,0,-0.2,4.8,27,68,39.7,4085,1848,2,1.2,1.1,9,14,6,0,16,16,2,0,1,0,0,0,3,5,8,26,10,16,8,22,0,34,460,77,14,19,11,57.9,200,1256,563,9,8,18
2024-09-21,Leicester-City,Home,Everton,15:00,Matchweek 5,Sat,D,1,1,12,2,16.7,0.08,0.50,0,0,0.7,0.7,0.06,+0.3,+0.3,5,4,80.0,0,+0.5,11.1,37,65,56.9,6858,2900,0,0.4,0.8,9,34,10,6,44,21,0,0,0,0,0,0,0,13,17,13,6,7,4,15,0,58,636,182,26,18,8,44.4,416,2350,1240,22,15,9
2024-09-28,Leicester-City,Away,Arsenal,15:00,Matchweek 6,Sat,L,2,4,5,3,60.0,0.40,0.67,0,0,0.3,0.3,0.06,+1.7,+1.7,16,13,75.0,0,+2.2,5.6,20,42,47.6,3330,1635,2,0.3,0.2,5,8,5,1,13,9,2,1,0,0,1,0,4,10,14,18,9,9,6,63,2,26,419,32,11,17,4,23.5,172,785,391,4,2,8
2024-10-05,Leicester-City,Home,Bournemouth,15:00,Matchweek 7,Sat,W,1,0,6,2,33.3,0.17,0.50,0,0,0.8,0.8,0.13,+0.2,+0.2,2,2,100.0,1,+0.8,8.0,40,77,51.9,5608,2666,1,0.8,0.4,5,19,3,1,20,12,1,0,1,0,0,0,2,4,10,17,6,11,7,40,0,45,537,73,11,20,6,30.0,279,1541,747,19,6,11
2024-10-19,Leicester-City,Away,Southampton,15:00,Matchweek 8,Sat,W,3,2,17,3,17.6,0.12,0.67,0,1,3.1,2.4,0.14,-0.1,-0.4,7,5,71.4,0,+0.6,12.5,46,71,64.8,7867,2763,2,2.4,1.5,17,51,15,2,55,35,2,1,0,1,1,0,5,12,17,6,2,4,5,23,0,58,669,214,38,20,7,35.0,338,1834,957,22,11,8
2024-10-25,Leicester-City,Home,Nott'ham Forest,20:00,Matchweek 9,Fri,L,1,3,11,1,9.1,0.09,1.00,0,0,0.8,0.8,0.07,+0.2,+0.2,5,2,40.0,0,-1.3,0.0,28,55,50.9,8199,2974,1,0.7,1.0,10,57,10,2,55,18,2,0,0,0,0,0,2,5,10,15,6,9,6,26,1,65,740,184,24,20,6,30.0,511,2562,1339,35,15,8
2024-11-02,Leicester-City,Away,Ipswich Town,15:00,Matchweek 10,Sat,D,1,1,20,5,25.0,0.05,0.20,0,0,1.5,1.5,0.08,-0.5,-0.5,2,1,50.0,0,-0.4,12.5,36,83,43.4,6774,2007,1,1.2,1.6,14,28,8,2,37,33,2,0,0,0,0,0,2,11,11,13,6,7,4,18,1,57,596,139,40,26,12,46.2,352,1858,986,25,12,4
2024-11-10,Leicester-City,Away,Manchester Utd,14:00,Matchweek 11,Sun,L,0,3,6,5,83.3,0.00,0.00,0,0,0.6,0.6,0.11,-0.6,-0.6,3,1,0.0,0,-1.6,0.0,25,57,43.9,6619,2370,0,0.6,0.5,5,30,3,0,37,11,0,0,0,0,0,0,0,7,14,14,6,8,7,20,0,49,633,125,10,37,19,51.4,366,1591,784,12,16,18
2024-08-17,Everton,Home,Brighton,15:00,Matchweek 1,Sat,L,0,3,9,1,11.1,0.00,0.00,0,0,0.5,0.5,0.05,-0.5,-0.5,5,2,40.0,0,-0.6,12.5,59,97,60.8,6517,2622,0,0.2,0.7,4,32,6,1,29,15,0,0,0,0,0,0,0,12,11,12,2,10,13,11,1,40,499,105,18,16,5,31.3,263,1352,592,12,6,10
2024-08-24,Everton,Away,Tottenham,15:00,Matchweek 2,Sat,L,0,4,10,1,10.0,0.00,0.00,0,0,1.0,1.0,0.10,-1.0,-1.0,7,3,42.9,0,-1.4,0.0,36,63,57.1,4422,1978,0,0.9,0.9,8,16,5,2,22,17,0,0,0,0,0,0,0,13,19,8,1,7,15,16,1,30,401,90,23,22,5,22.7,209,1008,417,10,7,6
2024-08-31,Everton,Home,Bournemouth,15:00,Matchweek 3,Sat,L,2,3,18,8,44.4,0.11,0.25,0,0,1.8,1.8,0.11,+0.2,+0.2,7,4,57.1,0,-0.5,0.0,48,98,49.0,5361,2374,2,1.9,1.5,16,23,11,2,35,33,4,0,0,0,0,0,4,11,11,12,5,7,12,22,0,47,518,151,35,21,10,47.6,249,1499,581,11,13,17
2024-09-14,Everton,Away,Aston Villa,17:30,Matchweek 4,Sat,L,2,3,6,2,33.3,0.33,1.00,0,0,0.9,0.9,0.15,+1.1,+1.1,7,4,57.1,0,-0.6,0.0,43,67,64.2,4276,2168,1,0.8,1.0,4,15,4,2,16,11,0,1,0,0,1,1,3,8,16,7,4,3,6,31,1,28,380,70,14,22,7,31.8,161,958,500,14,2,8
2024-09-21,Everton,Away,Leicester City,15:00,Matchweek 5,Sat,D,1,1,17,5,29.4,0.06,0.20,1,0,1.1,1.1,0.06,-0.1,-0.1,2,1,50.0,0,0.0,8.3,37,64,57.8,5336,2385,1,0.8,0.7,13,25,8,2,24,30,2,0,0,0,0,0,2,9,13,9,3,6,9,33,0,42,511,139,23,22,7,31.8,247,1365,648,15,8,11
2024-09-28,Everton,Home,Crystal Palace,15:00,Matchweek 6,Sat,W,2,1,8,2,25.0,0.25,1.00,0,0,0.9,0.9,0.11,+1.1,+1.1,4,3,75.0,0,-0.3,17.6,40,80,50.0,5420,2543,1,0.8,0.9,7,23,8,1,37,15,1,0,0,0,1,2,4,2,5,11,7,4,16,24,0,41,509,154,16,17,8,47.1,248,1272,610,7,9,16
2024-10-05,Everton,Home,Newcastle Utd,17:30,Matchweek 7,Sat,D,0,0,8,2,25.0,0.00,0.00,1,0,0.7,0.7,0.09,-0.7,-0.7,2,1,100.0,1,+0.9,5.6,29,67,43.3,4629,1800,0,0.3,0.2,6,24,3,0,25,15,0,0,0,0,0,0,0,9,11,10,4,6,10,30,0,33,469,96,13,24,13,54.2,232,1196,592,10,5,16
2024-10-19,Everton,Away,Ipswich Town,15:00,Matchweek 8,Sat,W,2,0,11,8,72.7,0.18,0.25,1,0,1.7,1.7,0.16,+0.3,+0.3,2,2,100.0,1,+0.3,0.0,49,87,56.3,6189,2173,1,0.8,0.7,7,23,10,1,32,21,3,0,1,0,0,0,4,11,12,7,3,4,6,33,0,45,538,112,24,15,9,60.0,298,1589,756,23,9,7
2024-10-26,Everton,Home,Fulham,17:30,Matchweek 9,Sat,D,1,1,10,5,50.0,0.10,0.20,0,0,0.8,0.8,0.08,+0.2,+0.2,3,2,66.7,0,+0.2,0.0,35,63,55.6,6032,2561,1,0.8,1.2,10,29,11,4,33,20,2,0,0,0,0,0,2,9,12,11,2,9,8,27,2,40,530,115,17,13,7,53.8,253,1322,695,8,10,10
2024-11-02,Everton,Away,Southampton,15:00,Matchweek 10,Sat,L,0,1,16,5,31.3,0.00,0.00,2,0,1.6,1.6,0.10,-1.6,-1.6,2,1,50.0,0,-0.2,0.0,31,70,44.3,4987,1871,0,1.4,0.9,9,21,5,3,24,28,0,0,0,0,0,0,0,12,8,6,2,4,8,17,0,35,437,123,24,17,11,64.7,202,1088,580,17,17,10
2024-11-09,Everton,Away,West Ham,15:00,Matchweek 11,Sat,D,0,0,18,4,22.2,0.00,0.00,0,0,1.1,1.1,0.06,-1.1,-1.1,6,6,100.0,1,+1.2,11.1,46,81,56.8,7124,2537,0,1.0,1.0,13,44,10,5,25,31,0,0,0,0,0,0,0,12,8,11,4,7,8,18,1,51,633,174,25,20,10,50.0,271,1448,791,14,9,4
2024-08-17,Ipswich-Town,Home,Liverpool,12:30,Matchweek 1,Sat,L,0,2,7,2,28.6,0.00,0.00,0,0,0.5,0.5,0.06,-0.5,-0.5,5,3,60.0,0,+0.3,6.3,26,51,51.0,4991,2077,0,0.3,0.2,4,19,5,0,21,12,0,0,0,0,0,0,0,11,10,15,6,9,9,28,0,38,497,98,16,10,3,30.0,254,1365,608,16,7,4
2024-08-24,Ipswich-Town,Away,Manchester City,15:00,Matchweek 2,Sat,L,1,4,1,1,100.0,1.00,1.00,0,0,0.3,0.3,0.29,+0.7,+0.7,5,1,40.0,0,-0.5,0.0,13,40,32.5,3269,1169,1,0.3,0.3,1,11,1,1,9,2,2,0,0,0,0,0,2,7,8,16,3,13,10,41,2,25,387,42,5,8,2,25.0,210,852,304,3,5,8
2024-08-31,Ipswich-Town,Home,Fulham,15:00,Matchweek 3,Sat,D,1,1,11,4,36.4,0.09,0.25,1,0,0.4,0.4,0.04,+0.6,+0.6,4,3,75.0,0,+0.1,4.8,29,58,50.0,6295,1931,1,0.4,0.4,9,28,3,1,26,20,1,0,1,0,0,0,2,6,9,11,3,8,4,30,0,48,529,131,13,14,10,71.4,273,1545,675,13,9,9
2024-09-14,Ipswich-Town,Away,Brighton,15:00,Matchweek 4,Sat,D,0,0,6,1,16.7,0.00,0.00,0,0,0.3,0.3,0.06,-0.3,-0.3,6,6,100.0,1,+2.1,19.0,24,57,42.1,3856,1842,0,0.3,0.4,4,10,2,1,15,7,0,0,0,0,0,0,0,15,14,18,10,8,11,34,1,32,437,46,8,21,8,38.1,197,1163,626,11,5,8
2024-09-21,Ipswich-Town,Away,Southampton,15:00,Matchweek 5,Sat,D,1,1,13,6,46.2,0.08,0.17,0,0,1.6,1.6,0.13,-0.6,-0.6,3,2,66.7,0,+0.2,25.0,29,47,61.7,6314,2508,0,1.6,1.1,12,30,10,3,41,22,0,0,0,1,0,0,1,5,8,5,2,3,13,15,0,47,552,154,24,17,8,47.1,305,1496,731,13,12,8
2024-09-29,Ipswich-Town,Home,Aston Villa,14:00,Matchweek 6,Sun,D,2,2,15,5,33.3,0.13,0.40,0,0,1.2,1.2,0.08,+0.8,+0.8,3,1,33.3,0,-0.8,0.0,30,67,44.8,6330,2347,2,1.1,0.8,13,31,8,2,32,30,3,0,1,0,0,0,4,5,9,5,0,5,7,17,1,44,527,110,21,16,10,62.5,312,1854,824,16,8,10
2024-10-05,Ipswich-Town,Away,West Ham,15:00,Matchweek 7,Sat,L,1,4,9,2,22.2,0.11,0.50,0,0,0.6,0.6,0.07,+0.4,+0.4,12,8,66.7,0,-0.7,66.7,33,54,61.1,6555,2371,0,0.6,0.6,8,35,6,1,35,16,0,0,0,0,0,0,0,8,11,8,5,3,6,14,2,48,568,123,14,18,11,61.1,400,2113,1106,21,13,13
2024-10-19,Ipswich-Town,Home,Everton,15:00,Matchweek 8,Sat,L,0,2,13,2,15.4,0.00,0.00,2,0,1.3,1.3,0.10,-1.3,-1.3,8,6,75.0,0,+0.3,0.0,33,67,49.3,7678,2548,0,1.1,0.8,11,31,8,3,48,25,0,0,0,0,0,0,0,6,9,12,0,12,9,17,3,55,647,155,22,19,7,36.8,359,2035,1072,12,16,7
2024-10-26,Ipswich-Town,Away,Brentford,15:00,Matchweek 9,Sat,L,3,4,11,5,45.5,0.27,0.60,0,0,1.3,1.3,0.12,+1.7,+1.7,9,5,66.7,0,-0.6,8.7,28,73,38.4,4290,1739,3,0.8,0.6,8,27,7,2,23,16,5,0,0,0,0,0,5,9,9,13,6,7,12,36,0,35,455,132,20,6,3,50.0,191,1089,530,12,6,5
2024-11-02,Ipswich-Town,Home,Leicester City,15:00,Matchweek 10,Sat,D,1,1,14,2,14.3,0.07,0.50,1,0,1.0,1.0,0.07,0.0,0.0,5,4,80.0,0,+0.1,21.4,17,57,29.8,4291,1574,1,0.9,0.9,10,25,3,0,23,26,2,0,0,0,0,0,2,12,7,16,9,7,9,23,0,43,487,145,24,20,8,40.0,222,1304,566,13,6,10
2024-11-10,Ipswich-Town,Away,Tottenham,14:00,Matchweek 11,Sun,W,2,1,8,3,37.5,0.25,0.67,0,0,1.6,1.6,0.20,+0.4,+0.4,5,4,80.0,0,+0.4,28.0,34,71,47.9,3931,1872,1,0.5,0.4,5,14,6,1,14,13,2,0,0,0,0,0,2,10,9,17,3,14,11,34,1,34,446,107,23,17,13,76.5,233,1285,701,13,9,10
2024-08-18,Crystal-Palace,Away,Brentford,14:00,Matchweek 1,Sun,L,1,2,14,6,42.9,0.00,0.00,1,0,1.2,1.2,0.08,-1.2,-1.2,5,3,60.0,0,+0.4,0.0,30,65,46.2,6630,2142,0,0.8,0.6,9,36,7,1,32,23,0,0,0,0,0,0,0,8,13,10,1,9,5,29,1,54,640,148,20,18,3,16.7,316,1388,807,14,16,5
2024-08-24,Crystal-Palace,Home,West Ham,15:00,Matchweek 2,Sat,L,0,2,14,2,14.3,0.00,0.00,0,0,1.3,1.3,0.10,-1.3,-1.3,3,1,33.3,0,-1.1,0.0,40,78,51.3,8964,3000,0,1.3,0.9,13,43,5,2,49,26,0,0,0,0,0,0,0,9,11,11,5,6,9,12,0,58,709,164,22,14,3,21.4,386,1846,924,16,11,9
2024-09-01,Crystal-Palace,Away,Chelsea,13:30,Matchweek 3,Sun,D,1,1,9,3,33.3,0.11,0.33,1,0,0.5,0.5,0.06,+0.5,+0.5,7,6,85.7,0,+1.7,13.3,27,61,44.3,5076,1880,0,0.4,0.9,7,18,6,0,31,17,0,0,0,1,0,0,1,13,11,5,1,4,6,30,0,38,485,81,22,13,6,46.2,230,1162,636,14,9,6
2024-09-14,Crystal-Palace,Home,Leicester City,15:00,Matchweek 4,Sat,D,2,2,19,3,15.8,0.05,0.33,1,1,2.5,1.7,0.09,-0.5,-0.7,4,2,50.0,0,+0.2,0.0,58,84,69.0,9619,3471,1,1.4,1.5,14,46,14,3,66,37,2,0,0,0,1,0,3,6,15,10,1,9,8,13,2,66,766,215,37,10,4,40.0,503,2407,1191,20,17,14
2024-09-21,Crystal-Palace,Home,Manchester Utd,17:30,Matchweek 5,Sat,D,0,0,9,4,44.4,0.00,0.00,0,0,1.0,1.0,0.12,-1.0,-1.0,6,6,100.0,1,+1.8,17.6,28,70,40.0,4339,1936,0,0.8,0.4,8,13,6,3,17,17,0,0,0,0,0,0,0,8,10,13,3,10,13,31,1,33,479,73,15,13,4,30.8,196,1101,447,10,6,8
2024-09-28,Crystal-Palace,Away,Everton,15:00,Matchweek 6,Sat,L,1,2,17,4,23.5,0.06,0.25,1,0,0.9,0.9,0.06,+0.1,+0.1,2,0,0.0,0,-1.4,0.0,35,77,45.5,8574,3063,1,0.8,0.8,12,35,10,1,51,29,2,0,0,0,0,0,2,9,17,9,2,7,8,25,0,59,684,140,28,7,5,71.4,383,1713,927,17,12,12
2024-10-05,Crystal-Palace,Home,Liverpool,12:30,Matchweek 7,Sat,L,0,1,9,5,55.6,0.00,0.00,0,0,0.6,0.6,0.07,-0.6,-0.6,4,3,75.0,0,-0.5,0.0,24,66,36.4,4020,1680,0,0.6,0.5,6,17,3,1,24,14,0,0,0,0,0,0,0,0,6,15,5,10,5,27,0,32,423,82,7,11,4,36.4,195,1239,560,7,8,6
2024-10-21,Crystal-Palace,Away,Nott'ham Forest,20:00,Matchweek 8,Mon,L,0,1,20,7,35.0,0.00,0.00,0,0,1.0,1.0,0.05,-1.0,-1.0,6,5,83.3,0,+0.8,5.9,28,54,51.9,6744,2269,0,0.8,0.4,16,33,8,3,42,30,0,0,0,0,0,0,0,8,14,22,9,13,5,25,1,49,609,132,22,9,6,66.7,279,1385,827,18,9,6
2024-10-27,Crystal-Palace,Home,Tottenham,14:00,Matchweek 9,Sun,W,1,0,14,6,42.9,0.07,0.17,1,0,0.8,0.8,0.06,+0.2,+0.2,3,3,100.0,1,+0.4,9.5,35,84,41.7,3674,1896,1,0.5,0.8,8,26,8,3,33,22,2,0,0,0,0,0,2,16,19,18,3,15,11,38,0,34,450,161,22,12,4,33.3,171,1017,491,15,6,12
2024-11-02,Crystal-Palace,Away,Wolves,17:30,Matchweek 10,Sat,D,2,2,19,6,31.6,0.11,0.33,0,0,2.4,2.4,0.13,-0.4,-0.4,6,4,66.7,0,-0.3,9.1,29,62,46.8,5565,2033,1,2.0,0.5,12,32,4,3,31,29,0,1,0,1,1,0,3,5,7,14,1,13,9,28,1,43,546,148,28,21,9,42.9,241,1422,790,17,8,15
2024-11-09,Crystal-Palace,Home,Fulham,15:00,Matchweek 11,Sat,L,0,2,13,4,30.8,0.00,0.00,0,0,1.5,1.5,0.12,-1.5,-1.5,7,5,71.4,0,-0.8,0.0,31,65,47.7,5390,2166,0,1.1,0.7,9,21,5,1,21,20,0,0,0,0,0,0,0,6,11,13,4,9,19,25,1,36,517,111,16,13,6,46.2,248,1338,650,13,9,10
2024-08-17,Wolverhampton-Wanderers,Away,Arsenal,15:00,Matchweek 1,Sat,L,0,2,9,3,33.3,0.00,0.00,1,0,0.5,0.5,0.05,-0.5,-0.5,6,4,66.7,0,-0.3,9.1,29,61,47.5,5925,2051,0,0.2,0.3,4,39,5,4,24,13,0,0,0,0,0,0,0,10,12,13,6,7,7,13,0,47,493,112,16,18,8,44.4,306,1620,738,12,8,10
2024-08-25,Wolverhampton-Wanderers,Home,Chelsea,14:00,Matchweek 2,Sun,L,2,6,12,4,33.3,0.17,0.50,1,0,1.9,1.9,0.16,+0.1,+0.1,8,2,25.0,0,-3.0,0.0,21,48,43.8,4598,1668,2,1.7,1.2,8,18,10,0,27,19,2,1,0,0,0,1,4,9,10,13,3,10,9,20,0,40,463,91,24,18,8,44.4,230,1389,794,17,10,6
2024-08-31,Wolverhampton-Wanderers,Away,Nott'ham Forest,15:00,Matchweek 3,Sat,D,1,1,11,2,18.2,0.09,0.50,0,0,0.7,0.7,0.07,+0.3,+0.3,5,4,80.0,0,+0.7,5.9,30,59,50.8,5227,1962,1,0.5,0.5,8,22,3,0,21,18,1,0,0,0,0,0,1,8,14,14,6,8,10,27,0,48,520,111,13,19,8,42.1,275,1824,944,11,16,11
2024-09-15,Wolverhampton-Wanderers,Home,Newcastle Utd,16:30,Matchweek 4,Sun,L,1,2,12,5,41.7,0.08,0.20,0,0,1.2,1.2,0.10,-0.2,-0.2,6,4,66.7,0,-0.3,10.0,42,69,60.9,7281,2506,1,0.9,1.0,8,32,9,3,31,24,2,0,0,0,0,0,2,8,14,12,4,8,10,20,0,49,582,133,24,23,15,65.2,341,1804,948,13,14,6
2024-09-21,Wolverhampton-Wanderers,Away,Aston Villa,15:00,Matchweek 5,Sat,L,1,3,10,4,40.0,0.10,0.25,0,0,0.5,0.5,0.05,+0.5,+0.5,3,0,0.0,0,-1.2,0.0,35,57,61.4,6273,1902,0,0.4,0.5,7,15,4,2,16,16,0,0,0,0,0,0,0,11,9,13,4,9,10,21,0,47,532,110,17,16,7,43.8,288,1543,781,15,12,7
2024-09-28,Wolverhampton-Wanderers,Home,Liverpool,17:30,Matchweek 6,Sat,L,1,2,8,3,37.5,0.13,0.33,0,0,0.6,0.6,0.08,+0.4,+0.4,6,4,83.3,0,-0.5,12.5,33,54,61.1,6620,2110,0,0.2,0.3,6,17,3,2,35,13,1,0,0,0,0,0,1,7,11,7,1,6,9,23,1,45,561,112,18,12,7,58.3,294,1855,1049,21,14,6
2024-10-05,Wolverhampton-Wanderers,Away,Brentford,15:00,Matchweek 7,Sat,L,3,5,17,6,35.3,0.18,0.50,0,0,1.0,1.0,0.06,+2.0,+2.0,12,7,66.7,0,-0.2,0.0,32,79,40.5,6763,2220,3,1.0,0.9,14,35,12,4,40,31,5,0,0,0,0,1,6,8,15,6,2,4,5,24,1,56,626,168,31,14,2,14.3,331,1787,866,13,14,7
2024-10-20,Wolverhampton-Wanderers,Home,Manchester City,14:00,Matchweek 8,Sun,L,1,2,3,2,66.7,0.33,0.50,0,0,0.8,0.8,0.26,+0.2,+0.2,7,5,71.4,0,-0.2,10.7,26,68,38.2,3118,1313,1,0.8,0.3,3,8,2,1,8,6,2,0,0,0,0,0,2,12,13,24,7,17,6,50,0,23,374,33,4,9,4,44.4,161,916,478,7,3,10
2024-10-26,Wolverhampton-Wanderers,Away,Brighton,15:00,Matchweek 9,Sat,D,2,2,14,7,50.0,0.14,0.29,0,0,1.3,1.3,0.10,+0.7,+0.7,6,4,66.7,0,-0.5,4.2,44,78,56.4,7060,2362,1,1.3,0.8,12,25,4,1,32,26,1,0,1,1,0,0,3,12,12,18,8,10,9,30,3,49,601,97,28,24,12,50.0,333,1870,921,16,8,8
2024-11-02,Wolverhampton-Wanderers,Home,Crystal Palace,17:30,Matchweek 10,Sat,D,2,2,11,6,54.5,0.18,0.33,0,0,1.5,1.5,0.14,+0.5,+0.5,6,4,66.7,0,+0.9,5.0,55,90,61.1,7722,2795,2,1.5,0.6,9,28,8,2,38,21,3,0,1,0,0,0,4,10,10,12,5,7,13,24,1,57,654,99,20,23,14,60.9,355,2038,990,14,7,9
2024-11-09,Wolverhampton-Wanderers,Home,Southampton,15:00,Matchweek 11,Sat,W,2,0,8,4,50.0,0.25,0.50,0,0,1.3,1.3,0.16,+0.7,+0.7,0,0,,1,0.0,4.5,20,48,41.7,3916,1388,2,1.2,0.6,5,16,5,0,19,12,3,0,1,0,0,0,4,6,9,15,3,12,7,29,2,29,409,74,17,25,12,48.0,211,1199,594,9,5,11
2024-08-17,Southampton,Away,Newcastle Utd,15:00,Matchweek 1,Sat,L,0,1,19,3,15.8,0.00,0.00,1,0,1.8,1.8,0.10,-1.8,-1.8,1,0,0.0,0,-0.4,16.7,35,54,64.8,9503,2647,0,1.5,1.6,15,58,14,3,62,34,0,0,0,0,0,0,0,5,6,8,2,6,3,13,1,77,788,270,46,14,6,42.9,476,2657,1550,31,19,9
2024-08-24,Southampton,Home,Nott'ham Forest,15:00,Matchweek 2,Sat,L,0,1,5,1,20.0,0.00,0.00,0,0,0.1,0.1,0.03,-0.1,-0.1,8,7,87.5,0,+0.6,7.1,19,37,51.4,9663,2830,0,0.1,0.4,4,31,9,2,49,9,0,0,0,0,0,0,0,11,12,15,6,9,2,19,2,64,800,175,20,22,7,31.8,481,2902,1650,29,25,12
2024-08-31,Southampton,Away,Brentford,15:00,Matchweek 3,Sat,L,1,3,18,6,33.3,0.06,0.17,1,0,1.5,1.5,0.09,-0.5,-0.5,7,4,57.1,0,+0.2,12.5,29,56,51.8,8784,2478,1,1.3,1.5,14,45,9,1,43,34,2,0,0,0,0,0,2,5,10,8,5,3,9,17,3,63,752,221,29,13,7,53.8,414,2030,1163,26,16,12
2024-09-14,Southampton,Home,Manchester Utd,12:30,Matchweek 4,Sat,L,0,3,5,2,40.0,0.00,0.00,0,0,1.1,0.3,0.06,-1.1,-0.3,10,7,70.0,0,+0.6,28.6,21,41,51.2,6902,2174,0,0.3,0.3,4,27,3,0,22,10,0,0,0,0,0,0,0,7,14,15,7,8,11,16,0,44,616,105,15,20,4,20.0,349,1736,947,21,8,9
2024-09-21,Southampton,Home,Ipswich Town,15:00,Matchweek 5,Sat,D,1,1,11,3,27.3,0.09,0.33,0,0,2.4,2.4,0.23,-1.4,-1.4,6,5,83.3,0,+1.4,5.9,26,50,52.0,7273,2115,1,2.4,0.8,8,25,7,0,25,19,1,0,1,0,0,0,2,8,7,8,3,5,15,34,0,53,622,97,19,16,10,62.5,310,1630,777,14,9,12
2024-09-30,Southampton,Away,Bournemouth,20:00,Matchweek 6,Mon,L,1,3,9,3,33.3,0.11,0.33,0,0,0.6,0.6,0.07,+0.4,+0.4,6,3,50.0,0,-1.4,6.3,33,55,60.0,8719,3105,0,0.4,0.6,7,27,6,1,34,16,1,0,0,1,0,0,2,5,12,12,5,7,8,21,1,60,743,134,16,16,7,43.8,418,2160,885,12,15,12
2024-10-05,Southampton,Away,Arsenal,15:00,Matchweek 7,Sat,L,1,3,8,2,25.0,0.13,0.50,0,0,0.6,0.6,0.08,+0.4,+0.4,6,3,50.0,0,-0.3,0.0,23,49,46.9,5834,1921,1,0.4,0.2,5,21,3,0,14,15,1,0,0,0,0,1,2,5,10,20,10,10,9,33,3,41,530,65,8,14,6,42.9,281,1420,795,15,10,9
2024-10-19,Southampton,Home,Leicester City,15:00,Matchweek 8,Sat,L,2,3,14,7,50.0,0.14,0.29,0,0,2.1,2.1,0.15,-0.1,-0.1,4,1,50.0,0,-0.8,0.0,31,64,48.4,5616,2230,1,1.6,1.3,12,22,5,1,30,24,3,1,0,0,0,0,4,13,16,11,4,7,9,34,0,42,530,124,27,19,6,31.6,235,1176,611,13,7,18
2024-10-26,Southampton,Away,Manchester City,15:00,Matchweek 9,Sat,L,0,1,5,2,40.0,0.00,0.00,0,0,0.2,0.2,0.04,-0.2,-0.2,7,6,85.7,0,-0.2,5.3,28,43,65.1,7201,2391,0,0.2,0.3,5,9,4,0,21,10,0,0,0,0,0,0,0,2,9,16,8,8,6,30,1,43,600,61,14,17,6,35.3,406,1925,943,15,10,3
2024-11-02,Southampton,Home,Everton,15:00,Matchweek 10,Sat,W,1,0,9,2,22.2,0.11,0.50,0,0,0.7,0.7,0.08,+0.3,+0.3,5,5,100.0,1,+0.9,15.4,40,58,69.0,9582,3336,1,0.7,0.8,9,43,8,2,42,17,2,0,0,0,0,0,2,4,8,6,3,3,7,25,2,65,736,149,21,26,12,46.2,522,2116,1159,18,17,9
2024-11-09,Southampton,Away,Wolves,15:00,Matchweek 11,Sat,L,0,2,9,0,0.0,0.00,,1,0,0.6,0.6,0.07,-0.6,-0.6,4,2,50.0,0,-0.6,0.0,33,55,60.0,10538,3011,0,0.4,0.7,5,53,9,2,46,18,0,0,0,0,0,0,0,5,7,9,3,6,5,6,2,71,810,177,18,18,9,50.0,479,2507,1320,25,12,8
